StudentID,Alcohol,Art_Museums,Barbie_(movie),Baseball,Broadway_Musicals,Broccoli,Camping,Cannabis,Cilantro,Coding,Country_Music,Game_of_Thrones,Golf,Gym,Horror_Movies,Jazz_Music,Joe_Rogan,Jogging,K-Pop,Kendrick_Lamar,MMA_UFC,Metallica,Mornings,Napoleon_Dynamite_(movie),Peanut_Butter,Pineapple_Pizza,Reading_Novels,Romance_Reality_TV,Scary_Roller_Coasters,Spicy_Food,Superhero_Movies_MCU,Sushi,Tattoos,Taylor_Swift,Vegan_Food,Video_Games,Winter
jw7195,3,4,5.0,2,5,2,,4,4.0,4,,4.0,5,,,5,,4,,4.0,5.0,4.0,,4.0,3,,4,,5,,,2,,3,,5,4
ig2256,3,4,5.0,2,4,4,,1,3.0,4,,3.0,2,,,3,,2,,3.0,2.0,2.0,,3.0,1,,4,,5,,,5,,4,,3,2
cgr9215,4,4,5.0,1,5,4,,4,5.0,4,,2.0,5,,,4,,4,,3.0,1.0,4.0,,3.0,1,,5,,4,,,2,,5,,2,4
axs10071,1,2,1.0,3,3,5,,1,5.0,5,,2.0,3,,,1,,5,,2.0,1.0,1.0,,1.0,5,,5,,5,,,5,,2,,1,3
mmi2013,3,4,4.0,4,4,4,,1,5.0,3,,2.0,3,,,4,,2,,4.0,2.0,3.0,,2.0,4,,5,,2,,,2,,4,,1,5
pz769,3,4,5.0,2,4,4,,3,3.0,3,,3.0,3,,,4,,3,,3.0,3.0,3.0,,2.0,4,,5,,2,,,5,,4,,2,4
jl12796,2,3,2.0,3,5,4,,3,2.0,2,,2.0,2,,,5,,4,,3.0,2.0,3.0,,2.0,2,,3,,5,,,5,,3,,2,3
dt2273,2,5,2.0,1,3,3,,1,3.0,4,,3.0,1,,,4,,2,,5.0,5.0,4.0,,3.0,4,,5,,5,,,4,,1,,5,1
ywc261,5,5,2.0,3,4,4,,1,5.0,4,,4.0,2,,,5,,2,,4.0,1.0,3.0,,4.0,4,,3,,5,,,5,,1,,3,2
mdh8532,1,4,2.0,2,3,3,,1,4.0,4,,2.0,3,,,3,,2,,5.0,2.0,2.0,,4.0,1,,4,,4,,,4,,2,,4,1
djd9529,3,5,2.0,1,4,3,,3,5.0,2,,5.0,1,,,5,,4,,5.0,4.0,4.0,,4.0,4,,4,,5,,,5,,1,,5,2
nmc9389,1,2,3.0,3,4,5,,1,4.0,3,,3.0,3,,,4,,4,,3.0,3.0,3.0,,3.0,1,,5,,5,,,2,,3,,3,1
ss14730,2,5,2.0,1,1,2,,4,4.0,4,,1.0,1,,,3,,2,,1.0,1.0,1.0,,1.0,5,,5,,4,,,5,,2,,4,2
mah9935,1,1,1.0,1,1,3,,5,3.0,4,,5.0,4,,,2,,5,,4.0,4.0,2.0,,3.0,5,,1,,5,,,3,,2,,4,4
jad9596,3,2,3.0,4,2,2,,1,4.0,4,,1.0,2,,,4,,4,,3.0,3.0,3.0,,3.0,2,,5,,5,,,5,,3,,5,5
nzn2002,4,3,3.0,3,5,4,,3,1.0,1,,5.0,5,,,2,,1,,3.0,5.0,3.0,,3.0,5,,4,,5,,,5,,3,,5,1
jlf609,4,4,3.0,1,3,3,,3,4.0,4,,5.0,4,,,3,,5,,2.0,2.0,1.0,,3.0,2,,4,,5,,,5,,2,,3,3
jrp8445,3,2,2.0,5,5,5,,3,3.0,4,,2.0,2,,,4,,3,,5.0,2.0,4.0,,4.0,5,,2,,4,,,2,,1,,2,1
sc8932,5,2,3.0,1,2,3,,1,1.0,3,,4.0,5,,,3,,2,,3.0,3.0,4.0,,3.0,5,,2,,4,,,5,,4,,4,2
ql2302,3,4,4.0,2,4,3,,1,3.0,3,,3.0,3,,,4,,4,,3.0,3.0,3.0,,3.0,3,,4,,2,,,5,,4,,4,2
ac9534,2,4,3.0,3,3,4,,1,3.0,4,,3.0,4,,,3,,3,,3.0,3.0,3.0,,3.0,3,,3,,4,,,4,,3,,4,4
se2418,3,3,1.0,1,2,2,,1,1.0,4,,1.0,1,,,2,,3,,1.0,1.0,1.0,,1.0,1,,4,,1,,,5,,4,,2,2
ks6158,2,1,4.0,1,2,3,,1,3.0,4,,3.0,2,,,3,,4,,3.0,1.0,3.0,,3.0,4,,2,,5,,,1,,3,,1,4
avm6216,4,5,1.0,3,3,3,,1,4.0,2,,5.0,5,,,5,,1,,4.0,4.0,2.0,,1.0,1,,3,,4,,,5,,4,,5,4
kah10010,1,4,5.0,4,4,4,,1,2.0,3,,3.0,4,,,3,,4,,1.0,3.0,1.0,,2.0,4,,5,,4,,,5,,4,,3,4
jn2532,3,4,1.0,3,3,4,,1,3.0,5,,2.0,4,,,3,,5,,4.0,2.0,2.0,,3.0,4,,1,,5,,,2,,1,,2,5
ztl214,3,1,3.0,2,2,2,,2,1.0,3,,3.0,3,,,1,,3,,5.0,3.0,2.0,,3.0,2,,2,,5,,,2,,2,,2,5
jl12498,4,2,3.0,2,2,2,,2,5.0,4,,3.0,4,,,2,,4,,3.0,3.0,3.0,,3.0,4,,2,,5,,,2,,1,,5,3
yw6834,4,4,4.0,3,3,3,,1,3.0,4,,4.0,3,,,4,,2,,4.0,2.0,2.0,,3.0,3,,3,,4,,,5,,5,,4,2
sk9912,2,2,4.0,4,2,4,,1,5.0,4,,4.0,2,,,4,,4,,3.0,2.0,3.0,,3.0,1,,2,,2,,,5,,4,,2,2
sk9163,4,1,3.0,1,2,3,,4,4.0,1,,4.0,1,,,1,,2,,4.0,4.0,1.0,,1.0,4,,2,,4,,,3,,3,,4,4
cyb8242,4,4,4.0,2,5,4,,1,5.0,5,,4.0,4,,,4,,5,,4.0,3.0,3.0,,3.0,5,,3,,2,,,5,,5,,4,5
sd4266,2,5,4.0,3,4,3,,2,4.0,4,,2.0,3,,,4,,5,,4.0,2.0,4.0,,3.0,5,,4,,5,,,4,,4,,2,2
ja4136,2,5,3.0,2,3,4,,1,4.0,3,,5.0,2,,,5,,3,,4.0,1.0,3.0,,3.0,1,,2,,5,,,3,,1,,3,5
jro323,2,5,5.0,2,4,4,,3,4.0,5,,5.0,4,,,5,,2,,5.0,3.0,2.0,,3.0,4,,4,,1,,,1,,2,,5,3
yl9290,4,4,4.0,3,4,4,,1,4.0,3,,3.0,3,,,5,,4,,3.0,2.0,3.0,,3.0,4,,4,,4,,,5,,3,,3,4
my2286,4,5,3.0,1,4,5,,3,5.0,5,,1.0,5,,,4,,4,,4.0,2.0,2.0,,3.0,1,,3,,5,,,5,,2,,5,5
jy4392,5,1,1.0,1,1,5,,1,5.0,5,,1.0,1,,,5,,5,,1.0,1.0,5.0,,5.0,1,,1,,1,,,5,,3,,5,1
jal9492,3,5,4.0,3,4,4,,1,5.0,4,,3.0,4,,,4,,2,,4.0,4.0,3.0,,3.0,4,,5,,2,,,5,,4,,5,4
yj2481,3,3,2.0,2,2,3,,2,2.0,4,,2.0,3,,,4,,2,,3.0,2.0,2.0,,2.0,1,,2,,2,,,4,,3,,2,4
byd211,3,3,3.0,3,3,3,,3,3.0,3,,3.0,3,,,3,,2,,3.0,3.0,3.0,,3.0,3,,3,,4,,,5,,3,,4,4
sa7297,3,4,3.0,2,3,4,,1,4.0,3,,2.0,3,,,3,,3,,2.0,1.0,1.0,,1.0,4,,2,,2,,,5,,2,,3,3
sk9272,4,4,3.0,3,4,3,,3,4.0,4,,5.0,4,,,4,,3,,3.0,4.0,2.0,,2.0,4,,4,,2,,,5,,3,,4,3
lc4984,1,2,5.0,2,4,5,,1,2.0,4,,2.0,4,,,4,,2,,3.0,1.0,3.0,,3.0,2,,4,,4,,,5,,4,,2,4
sdj9800,3,4,3.0,2,4,3,,3,4.0,4,,2.0,1,,,2,,3,,4.0,3.0,3.0,,4.0,5,,3,,5,,,3,,1,,4,1
nj2037,3,4,2.0,2,2,4,,1,3.0,4,,2.0,1,,,1,,4,,1.0,2.0,1.0,,3.0,2,,1,,2,,,1,,1,,5,2
jz5000,3,4,4.0,2,5,4,,1,4.0,4,,3.0,5,,,3,,2,,4.0,4.0,2.0,,3.0,4,,2,,3,,,5,,5,,4,2
ch4143,2,5,3.0,2,4,5,,1,2.0,3,,3.0,3,,,5,,4,,4.0,1.0,3.0,,3.0,3,,3,,4,,,5,,4,,2,2
vl2146,4,2,5.0,2,3,4,,1,3.0,4,,3.0,2,,,1,,1,,4.0,1.0,1.0,,3.0,4,,4,,5,,,5,,5,,1,2
sao5079,2,4,1.0,4,1,5,,2,5.0,4,,2.0,4,,,2,,5,,2.0,5.0,2.0,,2.0,3,,5,,2,,,5,,1,,1,1
ejd8712,5,5,2.0,4,3,4,,5,5.0,5,,3.0,5,,,5,,2,,2.0,3.0,3.0,,3.0,5,,5,,4,,,5,,4,,4,5
mp5615,5,5,5.0,1,5,5,,1,3.0,1,,4.0,2,,,4,,2,,3.0,3.0,1.0,,3.0,2,,5,,5,,,5,,5,,1,2
pl2380,1,1,3.0,1,1,3,,1,1.0,3,,3.0,3,,,2,,2,,3.0,1.0,1.0,,1.0,2,,3,,1,,,4,,3,,3,4
pb2455,4,5,3.0,2,5,5,,3,2.0,3,,4.0,2,,,4,,3,,3.0,2.0,2.0,,2.0,4,,5,,5,,,4,,3,,2,3
bx2064,5,3,3.0,3,4,5,,1,5.0,4,,3.0,4,,,4,,3,,3.0,3.0,1.0,,3.0,2,,1,,5,,,5,,5,,4,2
taw8245,2,1,1.0,3,3,2,,1,3.0,4,,3.0,3,,,3,,3,,4.0,1.0,2.0,,1.0,2,,1,,5,,,2,,3,,5,4
bg2336,5,5,2.0,3,4,3,,1,3.0,4,,3.0,3,,,3,,3,,5.0,3.0,3.0,,3.0,5,,4,,2,,,4,,4,,3,4
eaf10011,1,2,5.0,2,4,4,,2,2.0,4,,3.0,1,,,2,,1,,3.0,3.0,3.0,,3.0,5,,5,,5,,,1,,2,,5,1
rdi4217,4,5,5.0,4,4,3,,1,2.0,5,,1.0,3,,,3,,4,,3.0,1.0,1.0,,4.0,5,,3,,5,,,5,,3,,5,4
bcb5343,5,4,4.0,2,4,3,,3,2.0,2,,3.0,2,,,4,,5,,3.0,1.0,1.0,,1.0,4,,5,,2,,,5,,4,,1,4
vav2452,4,4,3.0,4,3,4,,1,4.0,4,,4.0,4,,,3,,4,,3.0,2.0,3.0,,3.0,4,,3,,5,,,4,,3,,3,2
zz2910,4,5,4.0,3,4,4,,2,3.0,3,,3.0,3,,,5,,4,,3.0,3.0,1.0,,3.0,5,,4,,1,,,5,,4,,5,4
ak8414,3,3,2.0,5,2,5,,3,3.0,4,,1.0,2,,,5,,3,,5.0,2.0,4.0,,3.0,1,,2,,4,,,3,,1,,4,3
mes9950,2,3,4.0,4,3,4,,1,3.0,4,,4.0,2,,,2,,3,,5.0,1.0,2.0,,3.0,5,,3,,1,,,2,,2,,4,4
emw7581,3,5,3.0,2,4,4,,5,4.0,4,,5.0,3,,,5,,5,,3.0,1.0,4.0,,3.0,5,,5,,5,,,5,,2,,2,3
cy2268,2,5,4.0,3,5,4,,1,4.0,4,,3.0,3,,,4,,2,,3.0,2.0,3.0,,3.0,4,,4,,2,,,5,,3,,3,4
lem7921,1,3,3.0,4,4,4,,1,5.0,3,,3.0,4,,,3,,1,,3.0,1.0,3.0,,3.0,4,,4,,1,,,2,,3,,1,1
hz2971,1,1,3.0,3,4,3,,4,5.0,4,,3.0,3,,,4,,1,,4.0,3.0,3.0,,3.0,3,,2,,4,,,5,,3,,5,5
mg7145,3,5,3.0,3,5,4,,1,1.0,4,,5.0,2,,,5,,2,,3.0,1.0,4.0,,3.0,4,,5,,4,,,5,,4,,2,4
jlc9873,4,5,2.0,3,4,4,,1,4.0,3,,3.0,4,,,5,,4,,4.0,2.0,3.0,,4.0,4,,5,,5,,,5,,2,,4,5
hz2978,1,3,2.0,2,2,2,,1,1.0,3,,2.0,1,,,3,,3,,3.0,2.0,3.0,,3.0,3,,3,,1,,,4,,3,,5,1
pa1327,3,5,1.0,3,3,4,,1,4.0,4,,3.0,5,,,4,,5,,3.0,2.0,3.0,,3.0,5,,3,,2,,,5,,1,,4,4
sa6335,3,1,2.0,3,1,2,,1,4.0,3,,2.0,3,,,3,,3,,4.0,2.0,1.0,,1.0,3,,2,,3,,,5,,2,,5,3
img8914,3,4,3.0,3,5,5,,1,3.0,4,,2.0,4,,,4,,4,,2.0,1.0,2.0,,3.0,4,,3,,5,,,3,,4,,2,2
dm5150,5,5,5.0,2,5,4,,4,3.0,4,,3.0,3,,,4,,2,,3.0,3.0,3.0,,3.0,1,,3,,5,,,5,,3,,4,2
hc2845,5,5,3.0,4,4,5,,1,1.0,2,,3.0,3,,,4,,3,,3.0,1.0,2.0,,3.0,3,,4,,4,,,5,,4,,4,1
ajv7670,4,4,5.0,2,1,4,,3,4.0,2,,3.0,2,,,4,,4,,4.0,3.0,3.0,,3.0,5,,2,,5,,,5,,4,,5,2
kk4295,1,5,2.0,4,3,4,,1,4.0,4,,3.0,5,,,5,,5,,4.0,2.0,2.0,,2.0,3,,2,,3,,,5,,3,,4,4
hz2405,3,4,1.0,1,3,4,,2,3.0,1,,2.0,2,,,5,,3,,4.0,1.0,4.0,,3.0,3,,4,,1,,,5,,2,,2,5
lpa2011,4,4,4.0,2,2,2,,4,3.0,4,,3.0,3,,,4,,4,,3.0,3.0,5.0,,3.0,4,,3,,4,,,3,,1,,5,1
sh5871,1,2,4.0,1,4,4,,1,3.0,2,,3.0,3,,,3,,4,,2.0,2.0,1.0,,3.0,3,,4,,4,,,4,,4,,3,4
cdv7414,3,2,2.0,3,2,1,,4,2.0,4,,5.0,4,,,3,,2,,5.0,1.0,3.0,,4.0,2,,3,,5,,,1,,2,,5,4
ag9961,5,1,1.0,1,4,5,,3,5.0,4,,4.0,2,,,2,,5,,3.0,1.0,4.0,,2.0,4,,3,,5,,,1,,4,,4,4
sh7787,3,3,3.0,3,3,3,,3,3.0,4,,5.0,3,,,4,,4,,4.0,3.0,3.0,,3.0,3,,4,,3,,,5,,3,,3,1
aev293,3,4,2.0,1,2,2,,4,1.0,4,,4.0,2,,,4,,2,,4.0,1.0,3.0,,2.0,4,,3,,4,,,5,,2,,4,4
fw799,3,3,3.0,2,3,4,,1,3.0,1,,4.0,3,,,3,,2,,2.0,2.0,3.0,,2.0,3,,4,,3,,,4,,4,,1,3
n17944386,5,4,5.0,1,5,4,,1,5.0,4,,2.0,4,,,3,,2,,1.0,2.0,1.0,,1.0,1,,5,,4,,,5,,5,,3,3
mk8793,1,3,1.0,2,3,3,,1,5.0,5,,1.0,2,,,2,,2,,2.0,3.0,3.0,,3.0,1,,3,,5,,,1,,3,,4,1
yk2912,1,4,4.0,2,5,2,,2,1.0,3,,4.0,3,,,2,,4,,3.0,2.0,3.0,,3.0,4,,5,,4,,,5,,4,,4,3
av3378,4,5,1.0,4,3,4,,2,5.0,5,,3.0,5,,,5,,5,,4.0,5.0,5.0,,3.0,4,,3,,5,,,3,,2,,5,5
ssd9738,5,3,4.0,1,5,2,,1,5.0,4,,3.0,3,,,4,,1,,5.0,2.0,2.0,,3.0,1,,5,,3,,,5,,5,,3,2
mg7609,4,2,3.0,3,5,4,,4,5.0,5,,5.0,2,,,3,,4,,3.0,2.0,4.0,,2.0,3,,5,,4,,,5,,3,,3,2
kjs10093,3,5,4.0,3,4,5,,1,5.0,4,,3.0,3,,,3,,3,,3.0,3.0,1.0,,3.0,1,,3,,4,,,2,,4,,5,4
qw2366,5,4,4.0,1,3,5,,3,3.0,4,,3.0,1,,,4,,1,,3.0,3.0,3.0,,1.0,4,,4,,1,,,5,,3,,3,1
jz2964,5,5,2.0,2,3,3,,3,5.0,4,,5.0,3,,,5,,2,,3.0,2.0,3.0,,3.0,3,,4,,5,,,5,,4,,5,4
rc5397,4,3,4.0,2,3,5,,1,5.0,5,,2.0,3,,,2,,3,,2.0,4.0,3.0,,3.0,5,,4,,5,,,5,,4,,4,2
ev508,4,5,3.0,2,4,4,,3,5.0,5,,4.0,2,,,4,,3,,3.0,3.0,5.0,,3.0,4,,5,,5,,,5,,3,,5,5
im2410,4,2,3.0,3,5,4,,3,5.0,5,,5.0,1,,,4,,3,,4.0,4.0,4.0,,3.0,1,,5,,5,,,4,,1,,5,5
n13433930,3,4,3.0,3,5,4,,1,4.0,3,,4.0,3,,,4,,3,,3.0,2.0,3.0,,2.0,2,,4,,5,,,4,,5,,4,4
eh1658,2,2,3.0,4,2,3,,5,5.0,3,,4.0,1,,,4,,3,,5.0,3.0,4.0,,5.0,5,,2,,5,,,5,,3,,5,1
sbs8673,4,3,1.0,2,2,3,,3,3.0,4,,2.0,3,,,2,,3,,2.0,3.0,3.0,,1.0,4,,2,,3,,,2,,3,,3,2
rcm8445,1,2,1.0,2,4,1,,3,5.0,5,,5.0,4,,,4,,4,,3.0,2.0,3.0,,3.0,4,,1,,5,,,2,,4,,5,2
as17339,1,2,1.0,2,1,1,,1,3.0,5,,3.0,2,,,4,,5,,4.0,3.0,5.0,,3.0,1,,1,,5,,,1,,3,,5,3
ss16915,4,5,3.0,3,3,3,,4,4.0,4,,5.0,3,,,5,,3,,5.0,3.0,3.0,,3.0,4,,3,,5,,,4,,1,,5,4
sp7940,2,2,4.0,3,4,4,,3,4.0,4,,3.0,2,,,3,,4,,2.0,1.0,3.0,,3.0,2,,3,,5,,,4,,4,,4,4
kk5054,4,5,4.0,3,5,1,,2,4.0,4,,4.0,2,,,3,,3,,3.0,1.0,1.0,,1.0,2,,4,,5,,,1,,5,,5,5
cw4526,2,2,3.0,3,3,3,,3,4.0,3,,3.0,4,,,3,,2,,3.0,3.0,4.0,,3.0,4,,3,,4,,,3,,3,,5,3
sj4391,4,5,2.0,1,4,5,,4,5.0,5,,4.0,2,,,4,,5,,2.0,1.0,4.0,,5.0,1,,5,,5,,,2,,5,,4,4
tav247,3,4,1.0,3,2,4,,1,2.0,5,,2.0,3,,,1,,2,,2.0,3.0,4.0,,4.0,1,,5,,5,,,2,,1,,4,2
jz5863,4,3,3.0,4,5,3,,1,5.0,4,,5.0,3,,,4,,4,,5.0,4.0,3.0,,3.0,4,,2,,3,,,4,,3,,5,2
ks6964,5,4,3.0,3,5,1,,4,3.0,4,,3.0,3,,,3,,3,,5.0,3.0,5.0,,3.0,4,,4,,5,,,5,,2,,4,2
asw9267,5,4,2.0,2,4,3,,3,5.0,4,,4.0,4,,,3,,3,,5.0,5.0,4.0,,3.0,5,,2,,5,,,5,,2,,5,4
pc3131,5,4,3.0,1,5,3,,2,3.0,3,,2.0,2,,,2,,1,,3.0,1.0,1.0,,3.0,3,,4,,3,,,5,,3,,1,2
ps4609,4,5,4.0,1,5,5,,1,5.0,2,,1.0,3,,,4,,4,,3.0,2.0,3.0,,1.0,2,,1,,5,,,1,,4,,2,2
khp3878,1,2,2.0,2,3,5,,1,5.0,4,,4.0,3,,,3,,4,,3.0,2.0,2.0,,2.0,5,,3,,5,,,5,,4,,3,3
tw2883,3,3,2.0,2,3,2,,1,3.0,4,,3.0,1,,,4,,4,,1.0,3.0,1.0,,5.0,5,,5,,3,,,5,,4,,3,3
rs6963,4,3,2.0,3,3,4,,1,4.0,5,,4.0,3,,,2,,3,,4.0,4.0,4.0,,3.0,3,,4,,5,,,4,,2,,4,2
cf3076,3,4,1.0,3,3,5,,1,3.0,3,,4.0,3,,,4,,4,,3.0,3.0,3.0,,3.0,2,,4,,3,,,5,,4,,5,5
ajk8756,4,3,2.0,2,3,5,,2,5.0,3,,4.0,2,,,3,,3,,3.0,1.0,1.0,,1.0,4,,4,,5,,,3,,2,,4,4
lw3511,1,4,4.0,1,5,4,,1,5.0,4,,5.0,4,,,5,,4,,3.0,3.0,4.0,,4.0,5,,5,,4,,,5,,2,,5,4
n11933331,4,2,1.0,1,2,4,,1,4.0,4,,3.0,2,,,4,,4,,1.0,1.0,3.0,,1.0,2,,1,,5,,,3,,2,,3,4
am12406,4,4,3.0,2,4,3,,1,5.0,4,,5.0,2,,,4,,5,,3.0,3.0,4.0,,3.0,5,,4,,5,,,4,,2,,5,5
jw7195,3,4,5.0,2,5,2,,4,4.0,4,,4.0,5,,,5,,4,,4.0,5.0,4.0,,4.0,3,,4,,5,,,2,,3,,5,4
ig2256,3,4,5.0,2,4,4,,1,3.0,4,,3.0,2,,,3,,2,,3.0,2.0,2.0,,3.0,1,,4,,5,,,5,,4,,3,2
cgr9215,4,4,5.0,1,5,4,,4,5.0,4,,2.0,5,,,4,,4,,3.0,1.0,4.0,,3.0,1,,5,,4,,,2,,5,,2,4
axs10071,1,2,1.0,3,3,5,,1,5.0,5,,2.0,3,,,1,,5,,2.0,1.0,1.0,,1.0,5,,5,,5,,,5,,2,,1,3
mmi2013,3,4,4.0,4,4,4,,1,5.0,3,,2.0,3,,,4,,2,,4.0,2.0,3.0,,2.0,4,,5,,2,,,2,,4,,1,5
pz769,3,4,5.0,2,4,4,,3,3.0,3,,3.0,3,,,4,,3,,3.0,3.0,3.0,,2.0,4,,5,,2,,,5,,4,,2,4
jl12796,2,3,2.0,3,5,4,,3,2.0,2,,2.0,2,,,5,,4,,3.0,2.0,3.0,,2.0,2,,3,,5,,,5,,3,,2,3
dt2273,2,5,2.0,1,3,3,,1,3.0,4,,3.0,1,,,4,,2,,5.0,5.0,4.0,,3.0,4,,5,,5,,,4,,1,,5,1
ywc261,5,5,2.0,3,4,4,,1,5.0,4,,4.0,2,,,5,,2,,4.0,1.0,3.0,,4.0,4,,3,,5,,,5,,1,,3,2
mdh8532,1,4,2.0,2,3,3,,1,4.0,4,,2.0,3,,,3,,2,,5.0,2.0,2.0,,4.0,1,,4,,4,,,4,,2,,4,1
djd9529,3,5,2.0,1,4,3,,3,5.0,2,,5.0,1,,,5,,4,,5.0,4.0,4.0,,4.0,4,,4,,5,,,5,,1,,5,2
nmc9389,1,2,3.0,3,4,5,,1,4.0,3,,3.0,3,,,4,,4,,3.0,3.0,3.0,,3.0,1,,5,,5,,,2,,3,,3,1
ss14730,2,5,2.0,1,1,2,,4,4.0,4,,1.0,1,,,3,,2,,1.0,1.0,1.0,,1.0,5,,5,,4,,,5,,2,,4,2
mah9935,1,1,1.0,1,1,3,,5,3.0,4,,5.0,4,,,2,,5,,4.0,4.0,2.0,,3.0,5,,1,,5,,,3,,2,,4,4
jad9596,3,2,3.0,4,2,2,,1,4.0,4,,1.0,2,,,4,,4,,3.0,3.0,3.0,,3.0,2,,5,,5,,,5,,3,,5,5
nzn2002,4,3,3.0,3,5,4,,3,1.0,1,,5.0,5,,,2,,1,,3.0,5.0,3.0,,3.0,5,,4,,5,,,5,,3,,5,1
jlf609,4,4,3.0,1,3,3,,3,4.0,4,,5.0,4,,,3,,5,,2.0,2.0,1.0,,3.0,2,,4,,5,,,5,,2,,3,3
jrp8445,3,2,2.0,5,5,5,,3,3.0,4,,2.0,2,,,4,,3,,5.0,2.0,4.0,,4.0,5,,2,,4,,,2,,1,,2,1
sc8932,5,2,3.0,1,2,3,,1,1.0,3,,4.0,5,,,3,,2,,3.0,3.0,4.0,,3.0,5,,2,,4,,,5,,4,,4,2
ql2302,3,4,4.0,2,4,3,,1,3.0,3,,3.0,3,,,4,,4,,3.0,3.0,3.0,,3.0,3,,4,,2,,,5,,4,,4,2
ac9534,2,4,3.0,3,3,4,,1,3.0,4,,3.0,4,,,3,,3,,3.0,3.0,3.0,,3.0,3,,3,,4,,,4,,3,,4,4
se2418,3,3,1.0,1,2,2,,1,1.0,4,,1.0,1,,,2,,3,,1.0,1.0,1.0,,1.0,1,,4,,1,,,5,,4,,2,2
ks6158,2,1,4.0,1,2,3,,1,3.0,4,,3.0,2,,,3,,4,,3.0,1.0,3.0,,3.0,4,,2,,5,,,1,,3,,1,4
avm6216,4,5,1.0,3,3,3,,1,4.0,2,,5.0,5,,,5,,1,,4.0,4.0,2.0,,1.0,1,,3,,4,,,5,,4,,5,4
kah10010,1,4,5.0,4,4,4,,1,2.0,3,,3.0,4,,,3,,4,,1.0,3.0,1.0,,2.0,4,,5,,4,,,5,,4,,3,4
jn2532,3,4,1.0,3,3,4,,1,3.0,5,,2.0,4,,,3,,5,,4.0,2.0,2.0,,3.0,4,,1,,5,,,2,,1,,2,5
ztl214,3,1,3.0,2,2,2,,2,1.0,3,,3.0,3,,,1,,3,,5.0,3.0,2.0,,3.0,2,,2,,5,,,2,,2,,2,5
jl12498,4,2,3.0,2,2,2,,2,5.0,4,,3.0,4,,,2,,4,,3.0,3.0,3.0,,3.0,4,,2,,5,,,2,,1,,5,3
yw6834,4,4,4.0,3,3,3,,1,3.0,4,,4.0,3,,,4,,2,,4.0,2.0,2.0,,3.0,3,,3,,4,,,5,,5,,4,2
sk9912,2,2,4.0,4,2,4,,1,5.0,4,,4.0,2,,,4,,4,,3.0,2.0,3.0,,3.0,1,,2,,2,,,5,,4,,2,2
sk9163,4,1,3.0,1,2,3,,4,4.0,1,,4.0,1,,,1,,2,,4.0,4.0,1.0,,1.0,4,,2,,4,,,3,,3,,4,4
cyb8242,4,4,4.0,2,5,4,,1,5.0,5,,4.0,4,,,4,,5,,4.0,3.0,3.0,,3.0,5,,3,,2,,,5,,5,,4,5
sd4266,2,5,4.0,3,4,3,,2,4.0,4,,2.0,3,,,4,,5,,4.0,2.0,4.0,,3.0,5,,4,,5,,,4,,4,,2,2
ja4136,2,5,3.0,2,3,4,,1,4.0,3,,5.0,2,,,5,,3,,4.0,1.0,3.0,,3.0,1,,2,,5,,,3,,1,,3,5
jro323,2,5,5.0,2,4,4,,3,4.0,5,,5.0,4,,,5,,2,,5.0,3.0,2.0,,3.0,4,,4,,1,,,1,,2,,5,3
yl9290,4,4,4.0,3,4,4,,1,4.0,3,,3.0,3,,,5,,4,,3.0,2.0,3.0,,3.0,4,,4,,4,,,5,,3,,3,4
my2286,4,5,3.0,1,4,5,,3,5.0,5,,1.0,5,,,4,,4,,4.0,2.0,2.0,,3.0,1,,3,,5,,,5,,2,,5,5
jy4392,5,1,1.0,1,1,5,,1,5.0,5,,1.0,1,,,5,,5,,1.0,1.0,5.0,,5.0,1,,1,,1,,,5,,3,,5,1
jal9492,3,5,4.0,3,4,4,,1,5.0,4,,3.0,4,,,4,,2,,4.0,4.0,3.0,,3.0,4,,5,,2,,,5,,4,,5,4
yj2481,3,3,2.0,2,2,3,,2,2.0,4,,2.0,3,,,4,,2,,3.0,2.0,2.0,,2.0,1,,2,,2,,,4,,3,,2,4
byd211,3,3,3.0,3,3,3,,3,3.0,3,,3.0,3,,,3,,2,,3.0,3.0,3.0,,3.0,3,,3,,4,,,5,,3,,4,4
sa7297,3,4,3.0,2,3,4,,1,4.0,3,,2.0,3,,,3,,3,,2.0,1.0,1.0,,1.0,4,,2,,2,,,5,,2,,3,3
sk9272,4,4,3.0,3,4,3,,3,4.0,4,,5.0,4,,,4,,3,,3.0,4.0,2.0,,2.0,4,,4,,2,,,5,,3,,4,3
lc4984,1,2,5.0,2,4,5,,1,2.0,4,,2.0,4,,,4,,2,,3.0,1.0,3.0,,3.0,2,,4,,4,,,5,,4,,2,4
sdj9800,3,4,3.0,2,4,3,,3,4.0,4,,2.0,1,,,2,,3,,4.0,3.0,3.0,,4.0,5,,3,,5,,,3,,1,,4,1
nj2037,3,4,2.0,2,2,4,,1,3.0,4,,2.0,1,,,1,,4,,1.0,2.0,1.0,,3.0,2,,1,,2,,,1,,1,,5,2
jz5000,3,4,4.0,2,5,4,,1,4.0,4,,3.0,5,,,3,,2,,4.0,4.0,2.0,,3.0,4,,2,,3,,,5,,5,,4,2
ch4143,2,5,3.0,2,4,5,,1,2.0,3,,3.0,3,,,5,,4,,4.0,1.0,3.0,,3.0,3,,3,,4,,,5,,4,,2,2
vl2146,4,2,5.0,2,3,4,,1,3.0,4,,3.0,2,,,1,,1,,4.0,1.0,1.0,,3.0,4,,4,,5,,,5,,5,,1,2
sao5079,2,4,1.0,4,1,5,,2,5.0,4,,2.0,4,,,2,,5,,2.0,5.0,2.0,,2.0,3,,5,,2,,,5,,1,,1,1
ejd8712,5,5,2.0,4,3,4,,5,5.0,5,,3.0,5,,,5,,2,,2.0,3.0,3.0,,3.0,5,,5,,4,,,5,,4,,4,5
mp5615,5,5,5.0,1,5,5,,1,3.0,1,,4.0,2,,,4,,2,,3.0,3.0,1.0,,3.0,2,,5,,5,,,5,,5,,1,2
pl2380,1,1,3.0,1,1,3,,1,1.0,3,,3.0,3,,,2,,2,,3.0,1.0,1.0,,1.0,2,,3,,1,,,4,,3,,3,4
pb2455,4,5,3.0,2,5,5,,3,2.0,3,,4.0,2,,,4,,3,,3.0,2.0,2.0,,2.0,4,,5,,5,,,4,,3,,2,3
bx2064,5,3,3.0,3,4,5,,1,5.0,4,,3.0,4,,,4,,3,,3.0,3.0,1.0,,3.0,2,,1,,5,,,5,,5,,4,2
taw8245,2,1,1.0,3,3,2,,1,3.0,4,,3.0,3,,,3,,3,,4.0,1.0,2.0,,1.0,2,,1,,5,,,2,,3,,5,4
bg2336,5,5,2.0,3,4,3,,1,3.0,4,,3.0,3,,,3,,3,,5.0,3.0,3.0,,3.0,5,,4,,2,,,4,,4,,3,4
eaf10011,1,2,5.0,2,4,4,,2,2.0,4,,3.0,1,,,2,,1,,3.0,3.0,3.0,,3.0,5,,5,,5,,,1,,2,,5,1
rdi4217,4,5,5.0,4,4,3,,1,2.0,5,,1.0,3,,,3,,4,,3.0,1.0,1.0,,4.0,5,,3,,5,,,5,,3,,5,4
bcb5343,5,4,4.0,2,4,3,,3,2.0,2,,3.0,2,,,4,,5,,3.0,1.0,1.0,,1.0,4,,5,,2,,,5,,4,,1,4
vav2452,4,4,3.0,4,3,4,,1,4.0,4,,4.0,4,,,3,,4,,3.0,2.0,3.0,,3.0,4,,3,,5,,,4,,3,,3,2
zz2910,4,5,4.0,3,4,4,,2,3.0,3,,3.0,3,,,5,,4,,3.0,3.0,1.0,,3.0,5,,4,,1,,,5,,4,,5,4
ak8414,3,3,2.0,5,2,5,,3,3.0,4,,1.0,2,,,5,,3,,5.0,2.0,4.0,,3.0,1,,2,,4,,,3,,1,,4,3
mes9950,2,3,4.0,4,3,4,,1,3.0,4,,4.0,2,,,2,,3,,5.0,1.0,2.0,,3.0,5,,3,,1,,,2,,2,,4,4
emw7581,3,5,3.0,2,4,4,,5,4.0,4,,5.0,3,,,5,,5,,3.0,1.0,4.0,,3.0,5,,5,,5,,,5,,2,,2,3
cy2268,2,5,4.0,3,5,4,,1,4.0,4,,3.0,3,,,4,,2,,3.0,2.0,3.0,,3.0,4,,4,,2,,,5,,3,,3,4
lem7921,1,3,3.0,4,4,4,,1,5.0,3,,3.0,4,,,3,,1,,3.0,1.0,3.0,,3.0,4,,4,,1,,,2,,3,,1,1
hz2971,1,1,3.0,3,4,3,,4,5.0,4,,3.0,3,,,4,,1,,4.0,3.0,3.0,,3.0,3,,2,,4,,,5,,3,,5,5
mg7145,3,5,3.0,3,5,4,,1,1.0,4,,5.0,2,,,5,,2,,3.0,1.0,4.0,,3.0,4,,5,,4,,,5,,4,,2,4
jlc9873,4,5,2.0,3,4,4,,1,4.0,3,,3.0,4,,,5,,4,,4.0,2.0,3.0,,4.0,4,,5,,5,,,5,,2,,4,5
hz2978,1,3,2.0,2,2,2,,1,1.0,3,,2.0,1,,,3,,3,,3.0,2.0,3.0,,3.0,3,,3,,1,,,4,,3,,5,1
pa1327,3,5,1.0,3,3,4,,1,4.0,4,,3.0,5,,,4,,5,,3.0,2.0,3.0,,3.0,5,,3,,2,,,5,,1,,4,4
sa6335,3,1,2.0,3,1,2,,1,4.0,3,,2.0,3,,,3,,3,,4.0,2.0,1.0,,1.0,3,,2,,3,,,5,,2,,5,3
img8914,3,4,3.0,3,5,5,,1,3.0,4,,2.0,4,,,4,,4,,2.0,1.0,2.0,,3.0,4,,3,,5,,,3,,4,,2,2
dm5150,5,5,5.0,2,5,4,,4,3.0,4,,3.0,3,,,4,,2,,3.0,3.0,3.0,,3.0,1,,3,,5,,,5,,3,,4,2
hc2845,5,5,3.0,4,4,5,,1,1.0,2,,3.0,3,,,4,,3,,3.0,1.0,2.0,,3.0,3,,4,,4,,,5,,4,,4,1
ajv7670,4,4,5.0,2,1,4,,3,4.0,2,,3.0,2,,,4,,4,,4.0,3.0,3.0,,3.0,5,,2,,5,,,5,,4,,5,2
kk4295,1,5,2.0,4,3,4,,1,4.0,4,,3.0,5,,,5,,5,,4.0,2.0,2.0,,2.0,3,,2,,3,,,5,,3,,4,4
hz2405,3,4,1.0,1,3,4,,2,3.0,1,,2.0,2,,,5,,3,,4.0,1.0,4.0,,3.0,3,,4,,1,,,5,,2,,2,5
lpa2011,4,4,4.0,2,2,2,,4,3.0,4,,3.0,3,,,4,,4,,3.0,3.0,5.0,,3.0,4,,3,,4,,,3,,1,,5,1
sh5871,1,2,4.0,1,4,4,,1,3.0,2,,3.0,3,,,3,,4,,2.0,2.0,1.0,,3.0,3,,4,,4,,,4,,4,,3,4
cdv7414,3,2,2.0,3,2,1,,4,2.0,4,,5.0,4,,,3,,2,,5.0,1.0,3.0,,4.0,2,,3,,5,,,1,,2,,5,4
ag9961,5,1,1.0,1,4,5,,3,5.0,4,,4.0,2,,,2,,5,,3.0,1.0,4.0,,2.0,4,,3,,5,,,1,,4,,4,4
sh7787,3,3,3.0,3,3,3,,3,3.0,4,,5.0,3,,,4,,4,,4.0,3.0,3.0,,3.0,3,,4,,3,,,5,,3,,3,1
aev293,3,4,2.0,1,2,2,,4,1.0,4,,4.0,2,,,4,,2,,4.0,1.0,3.0,,2.0,4,,3,,4,,,5,,2,,4,4
fw799,3,3,3.0,2,3,4,,1,3.0,1,,4.0,3,,,3,,2,,2.0,2.0,3.0,,2.0,3,,4,,3,,,4,,4,,1,3
n17944386,5,4,5.0,1,5,4,,1,5.0,4,,2.0,4,,,3,,2,,1.0,2.0,1.0,,1.0,1,,5,,4,,,5,,5,,3,3
mk8793,1,3,1.0,2,3,3,,1,5.0,5,,1.0,2,,,2,,2,,2.0,3.0,3.0,,3.0,1,,3,,5,,,1,,3,,4,1
yk2912,1,4,4.0,2,5,2,,2,1.0,3,,4.0,3,,,2,,4,,3.0,2.0,3.0,,3.0,4,,5,,4,,,5,,4,,4,3
av3378,4,5,1.0,4,3,4,,2,5.0,5,,3.0,5,,,5,,5,,4.0,5.0,5.0,,3.0,4,,3,,5,,,3,,2,,5,5
ssd9738,5,3,4.0,1,5,2,,1,5.0,4,,3.0,3,,,4,,1,,5.0,2.0,2.0,,3.0,1,,5,,3,,,5,,5,,3,2
mg7609,4,2,3.0,3,5,4,,4,5.0,5,,5.0,2,,,3,,4,,3.0,2.0,4.0,,2.0,3,,5,,4,,,5,,3,,3,2
kjs10093,3,5,4.0,3,4,5,,1,5.0,4,,3.0,3,,,3,,3,,3.0,3.0,1.0,,3.0,1,,3,,4,,,2,,4,,5,4
qw2366,5,4,4.0,1,3,5,,3,3.0,4,,3.0,1,,,4,,1,,3.0,3.0,3.0,,1.0,4,,4,,1,,,5,,3,,3,1
jz2964,5,5,2.0,2,3,3,,3,5.0,4,,5.0,3,,,5,,2,,3.0,2.0,3.0,,3.0,3,,4,,5,,,5,,4,,5,4
rc5397,4,3,4.0,2,3,5,,1,5.0,5,,2.0,3,,,2,,3,,2.0,4.0,3.0,,3.0,5,,4,,5,,,5,,4,,4,2
ev508,4,5,3.0,2,4,4,,3,5.0,5,,4.0,2,,,4,,3,,3.0,3.0,5.0,,3.0,4,,5,,5,,,5,,3,,5,5
im2410,4,2,3.0,3,5,4,,3,5.0,5,,5.0,1,,,4,,3,,4.0,4.0,4.0,,3.0,1,,5,,5,,,4,,1,,5,5
n13433930,3,4,3.0,3,5,4,,1,4.0,3,,4.0,3,,,4,,3,,3.0,2.0,3.0,,2.0,2,,4,,5,,,4,,5,,4,4
eh1658,2,2,3.0,4,2,3,,5,5.0,3,,4.0,1,,,4,,3,,5.0,3.0,4.0,,5.0,5,,2,,5,,,5,,3,,5,1
sbs8673,4,3,1.0,2,2,3,,3,3.0,4,,2.0,3,,,2,,3,,2.0,3.0,3.0,,1.0,4,,2,,3,,,2,,3,,3,2
rcm8445,1,2,1.0,2,4,1,,3,5.0,5,,5.0,4,,,4,,4,,3.0,2.0,3.0,,3.0,4,,1,,5,,,2,,4,,5,2
as17339,1,2,1.0,2,1,1,,1,3.0,5,,3.0,2,,,4,,5,,4.0,3.0,5.0,,3.0,1,,1,,5,,,1,,3,,5,3
ss16915,4,5,3.0,3,3,3,,4,4.0,4,,5.0,3,,,5,,3,,5.0,3.0,3.0,,3.0,4,,3,,5,,,4,,1,,5,4
sp7940,2,2,4.0,3,4,4,,3,4.0,4,,3.0,2,,,3,,4,,2.0,1.0,3.0,,3.0,2,,3,,5,,,4,,4,,4,4
kk5054,4,5,4.0,3,5,1,,2,4.0,4,,4.0,2,,,3,,3,,3.0,1.0,1.0,,1.0,2,,4,,5,,,1,,5,,5,5
cw4526,2,2,3.0,3,3,3,,3,4.0,3,,3.0,4,,,3,,2,,3.0,3.0,4.0,,3.0,4,,3,,4,,,3,,3,,5,3
sj4391,4,5,2.0,1,4,5,,4,5.0,5,,4.0,2,,,4,,5,,2.0,1.0,4.0,,5.0,1,,5,,5,,,2,,5,,4,4
tav247,3,4,1.0,3,2,4,,1,2.0,5,,2.0,3,,,1,,2,,2.0,3.0,4.0,,4.0,1,,5,,5,,,2,,1,,4,2
jz5863,4,3,3.0,4,5,3,,1,5.0,4,,5.0,3,,,4,,4,,5.0,4.0,3.0,,3.0,4,,2,,3,,,4,,3,,5,2
ks6964,5,4,3.0,3,5,1,,4,3.0,4,,3.0,3,,,3,,3,,5.0,3.0,5.0,,3.0,4,,4,,5,,,5,,2,,4,2
asw9267,5,4,2.0,2,4,3,,3,5.0,4,,4.0,4,,,3,,3,,5.0,5.0,4.0,,3.0,5,,2,,5,,,5,,2,,5,4
pc3131,5,4,3.0,1,5,3,,2,3.0,3,,2.0,2,,,2,,1,,3.0,1.0,1.0,,3.0,3,,4,,3,,,5,,3,,1,2
ps4609,4,5,4.0,1,5,5,,1,5.0,2,,1.0,3,,,4,,4,,3.0,2.0,3.0,,1.0,2,,1,,5,,,1,,4,,2,2
khp3878,1,2,2.0,2,3,5,,1,5.0,4,,4.0,3,,,3,,4,,3.0,2.0,2.0,,2.0,5,,3,,5,,,5,,4,,3,3
tw2883,3,3,2.0,2,3,2,,1,3.0,4,,3.0,1,,,4,,4,,1.0,3.0,1.0,,5.0,5,,5,,3,,,5,,4,,3,3
rs6963,4,3,2.0,3,3,4,,1,4.0,5,,4.0,3,,,2,,3,,4.0,4.0,4.0,,3.0,3,,4,,5,,,4,,2,,4,2
cf3076,3,4,1.0,3,3,5,,1,3.0,3,,4.0,3,,,4,,4,,3.0,3.0,3.0,,3.0,2,,4,,3,,,5,,4,,5,5
ajk8756,4,3,2.0,2,3,5,,2,5.0,3,,4.0,2,,,3,,3,,3.0,1.0,1.0,,1.0,4,,4,,5,,,3,,2,,4,4
lw3511,1,4,4.0,1,5,4,,1,5.0,4,,5.0,4,,,5,,4,,3.0,3.0,4.0,,4.0,5,,5,,4,,,5,,2,,5,4
n11933331,4,2,1.0,1,2,4,,1,4.0,4,,3.0,2,,,4,,4,,1.0,1.0,3.0,,1.0,2,,1,,5,,,3,,2,,3,4
am12406,4,4,3.0,2,4,3,,1,5.0,4,,5.0,2,,,4,,5,,3.0,3.0,4.0,,3.0,5,,4,,5,,,4,,2,,5,5
mk10044,4,5,3.0,3,5,3,1.0,2,5.0,3,,,4,4.0,1.0,5,3.0,1,,3.0,3.0,,,,4,5.0,5,2.0,4,,4.0,5,4.0,4,,1,4
ms9721,1,4,3.0,3,5,5,3.0,1,1.0,3,,,3,5.0,3.0,4,3.0,5,,3.0,2.0,,,,3,3.0,5,1.0,4,,3.0,4,3.0,3,,1,4
n10248818,2,3,3.0,1,2,3,3.0,1,3.0,3,,,2,4.0,3.0,2,3.0,2,,3.0,4.0,,,,3,1.0,2,3.0,3,,4.0,5,2.0,2,,2,3
aa12210,3,4,5.0,3,5,5,3.0,1,5.0,4,,,2,3.0,3.0,4,3.0,5,,3.0,2.0,,,,1,2.0,5,2.0,3,,4.0,2,3.0,5,,3,1
aa12904,4,3,2.0,1,3,3,3.0,3,5.0,5,,,2,5.0,5.0,3,1.0,3,,3.0,3.0,,,,2,1.0,5,3.0,5,,5.0,3,3.0,1,,5,4
cl5725,2,4,4.0,2,4,5,4.0,1,2.0,4,,,3,4.0,3.0,4,3.0,3,,3.0,3.0,,,,3,4.0,4,3.0,4,,4.0,5,2.0,3,,5,4
vt2370,1,5,3.0,2,3,4,4.0,2,4.0,4,,,2,5.0,3.0,4,3.0,4,,5.0,3.0,,,,4,1.0,4,1.0,1,,2.0,3,2.0,4,,1,4
dk5148,4,4,5.0,3,5,4,5.0,1,5.0,5,,,3,3.0,4.0,3,1.0,5,,3.0,1.0,,,,1,5.0,5,1.0,5,,4.0,1,1.0,4,,3,2
rvt2018,2,5,2.0,4,5,3,5.0,3,3.0,4,,,4,4.0,4.0,5,4.0,4,,3.0,5.0,,,,4,3.0,4,3.0,3,,5.0,3,4.0,1,,3,4
sp8534,3,4,3.0,2,2,3,3.0,3,4.0,3,,,2,3.0,1.0,4,1.0,4,,3.0,3.0,,,,3,4.0,2,4.0,1,,2.0,3,2.0,3,,2,2
hrm7358,3,5,5.0,2,5,3,3.0,2,5.0,5,,,2,3.0,5.0,3,1.0,3,,2.0,1.0,,,,5,5.0,4,1.0,3,,5.0,5,3.0,3,,5,5
eal10031,1,4,4.0,2,3,2,3.0,1,3.0,3,,,1,2.0,2.0,4,1.0,2,,2.0,1.0,,,,4,5.0,4,3.0,2,,1.0,5,1.0,4,,1,1
zl5600,3,5,2.0,1,4,1,2.0,1,1.0,3,,,1,5.0,1.0,4,1.0,2,,2.0,1.0,,,,4,5.0,5,3.0,1,,2.0,4,2.0,3,,1,1
nn2194,4,2,5.0,4,3,4,4.0,1,5.0,5,,,1,2.0,4.0,1,3.0,3,,3.0,1.0,,,,5,3.0,2,4.0,4,,5.0,5,1.0,4,,5,4
sh7393,3,3,3.0,3,3,4,3.0,2,2.0,3,,,3,3.0,4.0,3,2.0,3,,2.0,3.0,,,,4,5.0,3,2.0,1,,5.0,4,1.0,3,,2,3
jms10261,1,4,1.0,2,3,4,3.0,2,5.0,3,,,4,4.0,2.0,1,2.0,1,,3.0,3.0,,,,5,1.0,3,2.0,2,,1.0,3,1.0,1,,2,2
ms13477,2,5,1.0,3,3,2,3.0,4,4.0,5,,,2,5.0,5.0,3,2.0,2,,4.0,5.0,,,,5,1.0,3,1.0,4,,2.0,5,5.0,1,,5,4
zs3252,3,4,2.0,4,4,4,4.0,1,4.0,5,,,4,2.0,2.0,5,3.0,2,,3.0,2.0,,,,4,5.0,5,3.0,3,,4.0,5,1.0,3,,5,4
pf2290,4,4,3.0,5,5,5,4.0,3,5.0,4,,,3,2.0,3.0,3,3.0,3,,4.0,4.0,,,,5,4.0,3,3.0,3,,4.0,5,4.0,3,,5,1
tc4081,2,5,2.0,5,5,3,3.0,1,5.0,4,,,3,4.0,3.0,3,3.0,5,,2.0,2.0,,,,5,1.0,2,4.0,1,,3.0,1,2.0,4,,4,4
jj4252,2,4,2.0,3,3,4,3.0,2,1.0,3,,,3,5.0,2.0,4,3.0,4,,3.0,2.0,,,,4,2.0,3,3.0,4,,4.0,5,3.0,3,,3,4
pb3242,2,3,3.0,2,4,2,3.0,3,4.0,4,,,2,4.0,3.0,3,2.0,1,,4.0,4.0,,,,4,3.0,4,1.0,2,,3.0,4,3.0,4,,4,4
jj4383,3,5,3.0,2,4,5,2.0,2,5.0,4,,,3,4.0,4.0,5,3.0,4,,4.0,2.0,,,,2,4.0,5,3.0,5,,2.0,5,4.0,3,,3,1
jmt10150,2,2,4.0,1,4,5,1.0,4,5.0,3,,,1,4.0,1.0,5,1.0,1,,3.0,3.0,,,,4,5.0,5,2.0,1,,4.0,5,2.0,4,,2,2
mfp6056,2,5,1.0,1,5,5,5.0,1,5.0,4,,,4,5.0,4.0,5,5.0,5,,5.0,4.0,,,,5,1.0,4,1.0,5,,5.0,5,1.0,3,,2,4
tmf8970,4,4,4.0,4,3,3,4.0,3,3.0,3,,,3,4.0,2.0,5,1.0,1,,5.0,2.0,,,,3,3.0,5,1.0,3,,2.0,5,4.0,2,,1,4
jmo7754,5,4,3.0,4,2,2,2.0,1,2.0,4,,,5,5.0,5.0,4,4.0,5,,4.0,3.0,,,,5,2.0,5,5.0,1,,4.0,4,2.0,4,,5,2
am16312,5,1,1.0,4,3,4,5.0,2,4.0,5,,,3,5.0,5.0,4,3.0,4,,4.0,4.0,,,,1,1.0,2,3.0,5,,5.0,5,4.0,3,,4,5
tac460,2,5,3.0,2,4,4,4.0,3,3.0,2,,,1,5.0,4.0,4,1.0,4,,3.0,2.0,,,,4,3.0,4,2.0,4,,2.0,5,5.0,2,,5,5
bs3581,3,5,2.0,3,3,5,1.0,3,3.0,3,,,4,4.0,5.0,4,1.0,3,,4.0,1.0,,,,5,1.0,4,5.0,4,,4.0,3,2.0,2,,1,3
bkc318,4,4,3.0,3,4,5,4.0,3,4.0,3,,,4,3.0,1.0,3,2.0,4,,3.0,2.0,,,,5,3.0,4,3.0,2,,3.0,4,3.0,4,,4,3
th3664,1,3,1.0,2,4,4,4.0,4,1.0,3,,,1,2.0,3.0,3,1.0,4,,1.0,1.0,,,,4,5.0,4,4.0,2,,3.0,1,4.0,4,,1,2
av3967,5,4,1.0,1,5,5,5.0,5,4.0,4,,,3,5.0,1.0,4,3.0,5,,3.0,2.0,,,,5,5.0,4,1.0,3,,5.0,5,1.0,4,,3,3
kpn9568,3,4,2.0,4,3,5,5.0,4,4.0,5,,,3,4.0,1.0,4,1.0,4,,5.0,2.0,,,,5,5.0,4,1.0,3,,1.0,4,2.0,4,,4,5
ss15787,5,5,3.0,2,4,3,5.0,2,5.0,3,,,1,4.0,3.0,5,3.0,1,,5.0,5.0,,,,4,2.0,2,1.0,4,,4.0,5,3.0,3,,2,2
ss20986,3,5,5.0,4,5,3,1.0,3,1.0,2,,,4,3.0,3.0,3,1.0,3,,3.0,1.0,,,,4,1.0,4,1.0,1,,2.0,5,3.0,4,,3,3
rgw9765,4,5,4.0,1,4,3,5.0,4,3.0,1,,,1,4.0,3.0,3,1.0,5,,5.0,4.0,,,,3,1.0,4,1.0,3,,2.0,5,4.0,3,,5,2
gfw5541,3,4,2.0,4,1,4,4.0,4,4.0,3,,,3,4.0,2.0,5,2.0,3,,5.0,2.0,,,,4,1.0,4,4.0,1,,3.0,4,1.0,2,,3,3
nc3722,5,5,4.0,1,4,4,2.0,2,5.0,3,,,2,3.0,4.0,4,1.0,2,,4.0,2.0,,,,5,5.0,5,2.0,1,,2.0,5,1.0,1,,2,2
as21966,2,3,5.0,1,4,5,4.0,1,5.0,2,,,1,1.0,1.0,2,4.0,5,,3.0,3.0,,,,2,1.0,5,1.0,5,,1.0,5,1.0,5,,1,2
ig667,3,5,4.0,2,5,3,2.0,2,4.0,4,,,2,4.0,2.0,4,3.0,2,,4.0,2.0,,,,4,3.0,5,3.0,4,,4.0,5,2.0,3,,2,2
tp948,5,3,4.0,2,5,5,4.0,3,2.0,3,,,3,2.0,2.0,4,3.0,3,,2.0,2.0,,,,3,5.0,5,4.0,4,,4.0,5,3.0,4,,3,3
rst8786,5,3,3.0,2,5,3,2.0,1,3.0,3,,,2,4.0,4.0,2,1.0,3,,4.0,1.0,,,,5,5.0,3,3.0,3,,5.0,3,4.0,4,,2,5
lel8255,4,5,4.0,3,2,4,3.0,1,5.0,3,,,3,4.0,2.0,4,1.0,4,,4.0,2.0,,,,2,2.0,4,3.0,5,,3.0,5,3.0,4,,1,4
mrn10054,3,4,2.0,2,3,5,4.0,1,4.0,4,,,4,4.0,4.0,3,1.0,2,,4.0,3.0,,,,3,5.0,3,1.0,5,,4.0,4,1.0,3,,1,2
nj672,4,3,4.0,1,4,4,3.0,5,5.0,1,,,2,5.0,4.0,5,1.0,5,,5.0,3.0,,,,5,1.0,5,5.0,5,,4.0,5,5.0,1,,2,3
ys3781,2,4,3.0,3,4,5,4.0,1,3.0,3,,,2,4.0,1.0,4,1.0,2,,2.0,1.0,,,,2,2.0,4,2.0,5,,2.0,3,2.0,3,,4,4
njp9638,3,3,4.0,4,4,2,3.0,1,4.0,3,,,5,3.0,1.0,2,4.0,2,,4.0,4.0,,,,3,5.0,4,3.0,5,,4.0,5,3.0,3,,5,4
rr4780,3,4,3.0,3,3,4,3.0,3,4.0,3,,,3,2.0,5.0,2,3.0,2,,3.0,3.0,,,,4,4.0,2,2.0,5,,3.0,4,3.0,4,,3,2
gn2299,4,5,4.0,1,5,5,4.0,2,5.0,4,,,3,4.0,1.0,5,4.0,2,,5.0,3.0,,,,5,5.0,4,2.0,1,,5.0,5,3.0,3,,5,4
aj1858,4,2,3.0,1,3,3,4.0,2,5.0,4,,,2,4.0,5.0,4,3.0,5,,3.0,3.0,,,,3,1.0,5,1.0,1,,4.0,4,3.0,3,,4,5
bz2590,1,2,2.0,2,3,5,2.0,3,3.0,3,,,3,3.0,5.0,4,3.0,3,,2.0,3.0,,,,1,5.0,5,3.0,3,,3.0,4,1.0,3,,5,4
mwt7170,4,4,5.0,2,3,4,2.0,3,4.0,5,,,2,4.0,2.0,3,3.0,3,,2.0,3.0,,,,3,4.0,4,4.0,5,,3.0,5,2.0,5,,5,4
kk5739,5,1,2.0,5,1,4,4.0,1,2.0,3,,,2,4.0,1.0,4,2.0,5,,3.0,3.0,,,,3,3.0,3,2.0,4,,2.0,4,1.0,3,,1,3
plk7197,1,4,5.0,3,2,3,3.0,1,5.0,3,,,3,5.0,2.0,1,2.0,5,,3.0,5.0,,,,4,3.0,1,1.0,5,,5.0,1,1.0,1,,3,2
kvb2036,5,5,5.0,3,5,2,4.0,1,5.0,3,,,1,5.0,5.0,1,3.0,5,,3.0,3.0,,,,4,3.0,5,4.0,5,,3.0,1,5.0,1,,5,5
zs3413,3,4,3.0,1,2,4,4.0,1,5.0,5,,,1,1.0,2.0,4,3.0,1,,3.0,2.0,,,,4,2.0,4,3.0,3,,3.0,5,1.0,3,,5,3
jl16863,4,4,2.0,2,5,4,3.0,1,4.0,4,,,3,5.0,1.0,4,3.0,3,,3.0,1.0,,,,4,4.0,4,4.0,1,,2.0,5,1.0,4,,2,1
zz917,3,4,4.0,2,2,3,2.0,1,4.0,4,,,2,1.0,2.0,4,1.0,2,,3.0,3.0,,,,1,5.0,4,2.0,1,,2.0,3,1.0,3,,5,2
yk3546,5,4,2.0,1,2,4,1.0,1,5.0,3,,,5,3.0,5.0,3,4.0,1,,1.0,2.0,,,,3,5.0,5,2.0,5,,2.0,5,3.0,1,,2,3
da3978,5,3,1.0,5,4,1,3.0,2,1.0,1,,,2,5.0,1.0,4,3.0,5,,4.0,1.0,,,,5,1.0,4,2.0,1,,1.0,4,1.0,3,,4,5
jjl10010,4,4,4.0,2,5,4,3.0,1,5.0,2,,,3,2.0,3.0,5,1.0,1,,4.0,2.0,,,,5,5.0,5,3.0,5,,5.0,5,5.0,1,,4,3
bw2298,5,2,1.0,4,2,3,2.0,1,5.0,4,,,4,5.0,1.0,2,2.0,5,,2.0,2.0,,,,1,5.0,3,1.0,4,,5.0,5,1.0,4,,5,1
bcr7994,5,3,1.0,2,1,4,2.0,4,2.0,5,,,5,5.0,3.0,2,3.0,4,,3.0,4.0,,,,5,1.0,2,1.0,4,,1.0,5,3.0,1,,3,2
zh1461,1,3,1.0,3,3,5,5.0,1,5.0,5,,,2,5.0,5.0,2,1.0,4,,3.0,5.0,,,,3,2.0,3,3.0,3,,5.0,5,4.0,3,,5,5
xz2659,1,5,4.0,3,4,3,4.0,1,2.0,5,,,3,3.0,5.0,4,3.0,4,,3.0,3.0,,,,3,3.0,5,3.0,1,,5.0,5,2.0,3,,4,5
cdg9431,5,3,3.0,1,1,4,4.0,5,3.0,5,,,1,5.0,3.0,1,1.0,4,,1.0,3.0,,,,3,1.0,1,3.0,1,,1.0,4,5.0,4,,1,4
njg297,1,3,2.0,3,5,4,2.0,1,4.0,3,,,4,4.0,2.0,3,3.0,2,,3.0,3.0,,,,5,4.0,2,3.0,2,,2.0,2,1.0,3,,2,2
zw4789,1,4,3.0,2,3,5,2.0,1,3.0,5,,,4,3.0,4.0,3,3.0,4,,3.0,3.0,,,,3,2.0,4,2.0,1,,5.0,4,3.0,4,,5,1
svc2050,5,5,4.0,3,5,4,3.0,1,4.0,4,,,2,5.0,3.0,2,5.0,2,,1.0,5.0,,,,5,4.0,4,1.0,5,,5.0,5,3.0,2,,5,3
acr9324,2,5,5.0,2,1,4,2.0,1,4.0,4,,,3,5.0,1.0,4,1.0,5,,5.0,1.0,,,,1,5.0,5,5.0,2,,1.0,2,1.0,1,,1,2
mc11235,2,4,3.0,2,4,4,5.0,1,4.0,3,,,1,3.0,5.0,3,1.0,4,,5.0,1.0,,,,3,3.0,3,1.0,4,,4.0,5,1.0,3,,1,2
17-apr,4,3,1.0,3,3,5,5.0,1,5.0,2,,,4,5.0,5.0,1,3.0,5,,5.0,5.0,,,,5,4.0,5,1.0,5,,5.0,5,4.0,2,,5,3
rz2980,3,1,1.0,1,3,5,1.0,1,5.0,5,,,1,5.0,3.0,1,1.0,1,,3.0,3.0,,,,3,4.0,1,3.0,3,,3.0,5,1.0,3,,1,1
mpm9070,3,2,2.0,4,1,4,2.0,1,5.0,3,,,5,4.0,3.0,1,3.0,3,,3.0,3.0,,,,4,3.0,3,2.0,4,,1.0,4,1.0,3,,2,2
yx3774,5,3,4.0,2,5,4,4.0,1,3.0,4,,,2,4.0,2.0,4,3.0,5,,3.0,4.0,,,,3,3.0,4,3.0,4,,3.0,4,2.0,4,,3,3
lg4071,1,3,2.0,2,5,3,3.0,1,5.0,3,,,2,3.0,5.0,2,1.0,4,,2.0,2.0,,,,1,2.0,2,1.0,4,,4.0,1,1.0,3,,1,3
scw8746,5,5,4.0,3,5,5,4.0,5,2.0,5,,,2,4.0,5.0,4,4.0,3,,4.0,4.0,,,,5,1.0,5,2.0,5,,5.0,5,5.0,4,,5,2
iv2238,4,5,5.0,3,5,4,2.0,4,4.0,3,,,1,2.0,1.0,4,2.0,5,,3.0,2.0,,,,1,4.0,5,4.0,4,,5.0,5,2.0,5,,4,5
buszws01,3,3,4.0,1,2,3,2.0,3,5.0,3,,,1,4.0,1.0,2,1.0,5,,1.0,1.0,,,,5,3.0,5,1.0,1,,1.0,4,1.0,4,,1,5
yj3302,4,3,3.0,2,4,5,5.0,2,4.0,4,,,3,1.0,1.0,4,2.0,2,,4.0,3.0,,,,3,4.0,4,3.0,2,,3.0,5,3.0,4,,2,2
rz3415,1,5,2.0,1,4,5,2.0,1,5.0,3,,,2,3.0,1.0,4,2.0,2,,2.0,1.0,,,,3,3.0,5,1.0,2,,4.0,5,1.0,3,,5,2
ss18842,4,2,4.0,2,1,3,4.0,2,5.0,4,,,2,3.0,5.0,2,1.0,3,,2.0,2.0,,,,1,1.0,3,3.0,5,,5.0,1,5.0,4,,4,3
jf5038,2,3,2.0,1,1,4,1.0,1,5.0,3,,,3,5.0,1.0,3,3.0,1,,1.0,1.0,,,,5,5.0,3,1.0,3,,1.0,5,1.0,1,,1,1
rs9174,4,3,2.0,2,5,2,4.0,5,4.0,5,,,2,5.0,4.0,2,4.0,4,,4.0,2.0,,,,2,3.0,4,2.0,5,,5.0,3,2.0,2,,4,5
jr6922,5,4,3.0,4,4,2,5.0,5,4.0,5,,,4,5.0,5.0,3,1.0,4,,4.0,2.0,,,,5,1.0,4,1.0,5,,5.0,4,5.0,4,,2,1
jsv8938,4,4,3.0,2,4,4,4.0,1,4.0,4,,,5,4.0,1.0,4,2.0,5,,4.0,1.0,,,,3,3.0,5,1.0,2,,5.0,1,2.0,4,,4,3
kp3535,3,4,2.0,3,5,4,4.0,1,5.0,4,,,3,4.0,5.0,4,3.0,4,,3.0,2.0,,,,3,3.0,4,4.0,5,,4.0,4,3.0,3,,4,4
pn2325,1,4,3.0,4,5,4,4.0,1,5.0,3,,,3,5.0,5.0,5,4.0,4,,3.0,3.0,,,,3,1.0,2,5.0,5,,5.0,3,4.0,3,,5,4
pm4005,3,5,3.0,1,5,4,5.0,2,5.0,5,,,2,5.0,4.0,4,3.0,4,,2.0,4.0,,,,3,3.0,5,2.0,5,,5.0,3,3.0,3,,3,3
sms10353,1,4,4.0,4,4,4,3.0,1,4.0,3,,,3,3.0,5.0,4,5.0,3,,5.0,3.0,,,,4,1.0,4,1.0,5,,5.0,4,1.0,3,,5,1
vk2734,1,5,1.0,2,2,5,5.0,1,5.0,2,,,1,1.0,1.0,2,1.0,5,,3.0,1.0,,,,5,5.0,2,1.0,1,,4.0,5,1.0,3,,1,4
ha3155,1,4,4.0,4,4,4,3.0,1,4.0,2,,,3,4.0,1.0,4,3.0,5,,4.0,3.0,,,,5,5.0,3,4.0,2,,3.0,5,1.0,3,,2,2
sb10212,1,4,1.0,2,5,3,4.0,1,5.0,4,,,2,5.0,3.0,2,4.0,4,,3.0,3.0,,,,2,1.0,4,1.0,5,,4.0,4,1.0,5,,1,4
xq511,1,5,2.0,2,5,2,5.0,1,4.0,3,,,5,5.0,3.0,3,3.0,3,,3.0,4.0,,,,4,5.0,4,1.0,5,,4.0,2,2.0,3,,5,3
zx1944,2,4,3.0,3,4,3,4.0,2,3.0,3,,,4,3.0,3.0,4,2.0,2,,3.0,3.0,,,,2,1.0,3,3.0,3,,3.0,3,1.0,3,,3,1
jjj314,1,2,1.0,2,3,3,4.0,1,3.0,3,,,4,1.0,1.0,2,1.0,1,,4.0,3.0,,,,5,4.0,3,3.0,2,,5.0,5,2.0,3,,5,4
as20340,3,3,3.0,3,4,4,4.0,1,4.0,3,,,3,3.0,3.0,3,3.0,4,,4.0,3.0,,,,3,1.0,3,4.0,4,,4.0,3,3.0,4,,4,3
bm3788,4,2,1.0,4,4,5,4.0,2,5.0,5,,,2,4.0,1.0,1,3.0,5,,4.0,2.0,,,,5,1.0,1,3.0,5,,4.0,5,1.0,2,,5,5
stp8232,3,4,1.0,3,4,2,5.0,3,5.0,4,,,3,5.0,5.0,4,4.0,5,,4.0,4.0,,,,5,1.0,5,3.0,5,,4.0,2,1.0,5,,4,1
cas9786,4,5,5.0,2,5,2,4.0,2,1.0,2,,,1,4.0,5.0,2,1.0,3,,2.0,3.0,,,,5,1.0,5,1.0,4,,2.0,5,4.0,3,,4,5
rjm630,4,3,2.0,3,4,4,2.0,1,3.0,3,,,3,5.0,3.0,4,3.0,3,,2.0,3.0,,,,4,3.0,4,3.0,3,,5.0,4,3.0,3,,2,3
jpb9176,3,5,2.0,3,3,4,2.0,1,4.0,4,,,5,4.0,4.0,2,4.0,4,,3.0,5.0,,,,4,1.0,4,1.0,1,,2.0,5,1.0,1,,2,2
jjh456,4,4,4.0,2,5,4,4.0,2,5.0,2,,,3,3.0,5.0,5,3.0,2,,4.0,4.0,,,,1,4.0,4,2.0,5,,4.0,5,2.0,4,,5,3
sab10102,4,3,3.0,5,5,5,5.0,2,4.0,1,,,4,5.0,5.0,5,3.0,4,,5.0,5.0,,,,5,2.0,4,3.0,5,,5.0,3,5.0,3,,5,5
ad7628,2,4,2.0,4,5,2,5.0,1,3.0,4,,,4,5.0,5.0,5,3.0,4,,3.0,3.0,,,,4,5.0,4,3.0,4,,5.0,4,1.0,3,,5,4
pk3058,1,3,2.0,2,4,3,5.0,1,3.0,5,,,4,5.0,4.0,2,3.0,5,,4.0,5.0,,,,5,1.0,3,1.0,3,,5.0,4,3.0,1,,5,5
ls6465,4,5,2.0,3,3,4,3.0,2,5.0,3,,,1,4.0,4.0,3,1.0,1,,3.0,1.0,,,,4,3.0,5,2.0,4,,2.0,5,4.0,1,,1,1
ag10293,4,4,2.0,2,4,2,2.0,2,4.0,4,,,2,4.0,4.0,3,2.0,2,,3.0,2.0,,,,3,2.0,3,2.0,5,,5.0,3,5.0,3,,5,2
mjk652,3,5,5.0,3,5,3,3.0,1,3.0,2,,,4,4.0,1.0,4,3.0,4,,2.0,2.0,,,,5,2.0,3,3.0,5,,4.0,5,1.0,3,,2,3
bm2512,5,3,3.0,5,3,4,4.0,1,4.0,3,,,2,4.0,3.0,3,2.0,2,,4.0,2.0,,,,4,2.0,2,2.0,5,,2.0,2,2.0,3,,2,1
jrs10039,5,1,1.0,4,1,4,3.0,1,4.0,1,,,3,5.0,2.0,3,4.0,5,,2.0,2.0,,,,5,2.0,2,2.0,5,,4.0,4,1.0,1,,4,2
tt2401,3,5,3.0,3,3,5,5.0,1,3.0,3,,,3,3.0,3.0,3,3.0,3,,2.0,3.0,,,,4,4.0,3,3.0,1,,4.0,4,1.0,3,,4,3
sa8572,3,5,3.0,3,4,3,3.0,3,4.0,4,,,4,3.0,4.0,4,3.0,3,,3.0,3.0,,,,3,4.0,3,1.0,4,,5.0,3,3.0,2,,5,3
sbv2019,3,5,2.0,5,4,3,5.0,1,4.0,5,,,5,3.0,3.0,5,3.0,3,,4.0,4.0,,,,3,3.0,5,1.0,5,,5.0,1,3.0,3,,5,5
n19238777,4,2,3.0,4,3,3,3.0,4,4.0,1,,,2,5.0,1.0,2,2.0,4,,4.0,5.0,,,,5,1.0,3,3.0,4,,3.0,4,2.0,1,,5,1
ot2131,1,3,2.0,2,4,3,5.0,1,4.0,5,,,3,5.0,2.0,3,3.0,5,,4.0,3.0,,,,2,4.0,4,3.0,1,,5.0,5,2.0,4,,3,3
djr9898,1,5,3.0,5,5,5,5.0,1,3.0,3,,,3,5.0,2.0,3,5.0,5,,3.0,3.0,,,,5,4.0,5,4.0,4,,5.0,5,1.0,4,,4,5
zw5244,1,3,2.0,3,5,3,3.0,3,3.0,4,,,2,4.0,1.0,4,3.0,3,,4.0,5.0,,,,4,4.0,5,2.0,2,,3.0,4,2.0,3,,5,5
nt2613,4,5,4.0,3,5,5,2.0,4,5.0,5,,,4,5.0,5.0,4,4.0,5,,3.0,3.0,,,,4,4.0,5,1.0,5,,4.0,5,5.0,2,,5,4
djc8584,2,5,3.0,4,5,5,2.0,1,5.0,2,,,1,4.0,2.0,5,1.0,4,,5.0,2.0,,,,5,1.0,5,3.0,1,,2.0,3,1.0,3,,3,3
ty2469,3,1,4.0,2,1,4,2.0,4,3.0,3,,,1,,4.0,1,1.0,2,,3.0,1.0,,,,4,1.0,4,1.0,5,,,2,3.0,4,,1,2
jg7791,3,4,4.0,3,4,5,5.0,5,5.0,4,,,2,,5.0,2,2.0,4,,4.0,5.0,,,,5,4.0,5,1.0,5,,,5,3.0,4,,5,5
ak9023,2,1,3.0,3,1,3,5.0,2,4.0,5,,,4,,2.0,4,4.0,5,,4.0,5.0,,,,2,2.0,2,3.0,4,,,5,2.0,2,,4,4
re2323,1,4,4.0,1,3,4,2.0,1,3.0,1,,,1,,2.0,5,1.0,5,,4.0,1.0,,,,5,4.0,5,3.0,1,,,4,1.0,2,,5,3
amo9787,3,3,1.0,1,4,2,1.0,2,1.0,1,,,2,,1.0,2,1.0,2,,1.0,1.0,,,,2,3.0,5,1.0,5,,,3,1.0,4,,1,3
ojp2004,4,5,4.0,2,1,5,4.0,2,5.0,3,,,4,,4.0,4,4.0,1,,5.0,3.0,,,,5,5.0,2,3.0,5,,,5,2.0,1,,4,4
zs2120,2,3,1.0,2,2,3,1.0,1,3.0,4,,,2,,1.0,2,5.0,2,,2.0,3.0,,,,3,2.0,3,1.0,4,,,4,2.0,4,,3,2
skm9564,3,5,3.0,3,1,4,5.0,1,3.0,3,,,4,,4.0,4,5.0,5,,2.0,4.0,,,,3,1.0,4,1.0,4,,,5,3.0,3,,5,5
yu2049,1,5,2.0,1,5,4,4.0,1,5.0,4,,,1,,1.0,3,3.0,5,,3.0,4.0,,,,2,2.0,4,3.0,2,,,5,1.0,4,,2,4
az3070,5,2,3.0,3,2,5,3.0,5,3.0,2,,,5,,1.0,4,3.0,4,,4.0,3.0,,,,5,5.0,3,3.0,2,,,5,2.0,3,,3,2
av3230,1,5,3.0,4,4,3,4.0,1,4.0,4,,,3,,2.0,3,3.0,2,,4.0,2.0,,,,5,5.0,5,2.0,1,,,4,1.0,2,,5,2
sk10196,4,3,3.0,3,3,4,3.0,3,4.0,3,,,5,,2.0,4,4.0,4,,3.0,4.0,,,,4,4.0,5,3.0,3,,,5,3.0,3,,5,3
yy3831,3,3,2.0,2,2,2,4.0,1,1.0,4,,,1,,5.0,5,3.0,2,,3.0,3.0,,,,4,5.0,4,3.0,5,,,4,4.0,1,,2,2
kh4343,5,4,2.0,2,3,4,5.0,1,5.0,4,,,2,,2.0,5,3.0,4,,3.0,4.0,,,,4,3.0,5,3.0,5,,,4,2.0,3,,5,4
rrb9793,1,5,3.0,3,5,5,3.0,2,4.0,4,,,3,,1.0,4,3.0,5,,5.0,3.0,,,,4,4.0,5,3.0,3,,,5,3.0,3,,4,4
jy4057,1,3,5.0,2,5,4,2.0,1,5.0,5,,,3,,1.0,4,4.0,2,,3.0,1.0,,,,2,5.0,5,5.0,5,,,5,1.0,5,,5,2
sc8981,3,5,3.0,2,3,3,4.0,2,3.0,4,,,2,,1.0,4,3.0,4,,3.0,3.0,,,,2,4.0,5,3.0,4,,,5,2.0,5,,4,3
ah6571,3,3,3.0,3,2,4,3.0,3,1.0,3,,,4,,4.0,4,2.0,2,,3.0,3.0,,,,4,5.0,2,3.0,4,,,5,2.0,2,,5,2
nl2321,3,3,4.0,4,4,4,3.0,1,4.0,4,,,2,,3.0,3,3.0,3,,4.0,3.0,,,,4,4.0,4,3.0,5,,,5,3.0,4,,2,5
zj2257,5,5,4.0,2,4,4,4.0,3,5.0,4,,,1,,5.0,4,3.0,4,,3.0,3.0,,,,5,5.0,5,3.0,5,,,2,4.0,3,,4,4
ai2278,1,5,5.0,4,5,5,5.0,1,5.0,5,,,4,,5.0,4,5.0,3,,5.0,4.0,,,,5,4.0,4,5.0,5,,,4,4.0,5,,5,4
sds8603,5,4,2.0,5,2,4,4.0,3,3.0,4,,,5,,4.0,2,2.0,4,,3.0,2.0,,,,5,2.0,3,1.0,5,,,1,3.0,1,,4,5
bc3447,5,5,4.0,3,3,5,4.0,3,5.0,4,,,5,,2.0,4,4.0,3,,5.0,4.0,,,,5,5.0,3,2.0,5,,,5,3.0,4,,5,2
ar8219,3,3,4.0,4,2,4,3.0,4,1.0,4,,,1,,5.0,5,1.0,3,,4.0,2.0,,,,2,2.0,4,2.0,5,,,4,4.0,5,,5,5
hjp4683,3,4,3.0,3,3,4,2.0,2,3.0,4,,,3,,2.0,3,2.0,3,,4.0,2.0,,,,4,3.0,2,2.0,3,,,4,3.0,3,,4,3
yst3031,3,5,4.0,1,4,4,1.0,3,4.0,4,,,2,,4.0,4,2.0,4,,4.0,5.0,,,,4,5.0,5,1.0,5,,,5,4.0,4,,4,4
exy206,4,2,3.0,2,3,3,2.0,3,3.0,3,,,2,,2.0,3,3.0,2,,2.0,2.0,,,,3,4.0,4,4.0,4,,,5,3.0,4,,3,2
rj2574,2,4,2.0,2,5,2,2.0,1,2.0,3,,,3,,4.0,3,1.0,1,,3.0,1.0,,,,5,5.0,3,1.0,5,,,1,3.0,3,,2,5
ak5814,1,4,4.0,1,5,4,4.0,1,4.0,4,,,1,,2.0,4,1.0,5,,3.0,5.0,,,,4,2.0,5,1.0,3,,,4,2.0,3,,5,4
jel667,4,5,3.0,2,2,5,3.0,1,5.0,5,,,3,,4.0,3,1.0,4,,4.0,1.0,,,,4,2.0,3,3.0,5,,,5,4.0,2,,5,5
ddr8133,1,3,4.0,3,3,5,3.0,1,5.0,4,,,3,,5.0,4,1.0,4,,3.0,3.0,,,,3,4.0,4,3.0,5,,,4,4.0,3,,3,4
kwl9699,3,4,3.0,3,4,5,5.0,1,5.0,3,,,3,,1.0,4,2.0,5,,4.0,3.0,,,,4,3.0,4,2.0,4,,,5,3.0,2,,4,4
rds10037,4,5,1.0,2,5,5,2.0,1,5.0,3,,,3,,3.0,4,3.0,2,,3.0,3.0,,,,2,1.0,3,2.0,5,,,2,3.0,3,,4,4
aw5571,5,5,2.0,2,4,3,2.0,3,4.0,4,,,1,,3.0,1,3.0,2,,4.0,2.0,,,,4,3.0,2,3.0,4,,,3,2.0,4,,3,3
jw7009,3,2,3.0,2,4,4,3.0,1,1.0,3,,,2,,2.0,3,3.0,3,,3.0,1.0,,,,2,2.0,4,2.0,1,,,4,3.0,4,,4,2
emk9058,1,5,3.0,3,4,5,4.0,5,1.0,2,,,4,,5.0,5,4.0,1,,3.0,3.0,,,,3,1.0,3,3.0,5,,,5,2.0,3,,5,1
me2863,4,5,4.0,1,3,2,1.0,1,3.0,3,,,1,,3.0,1,1.0,2,,5.0,4.0,,,,1,1.0,4,3.0,3,,,5,1.0,3,,1,2
mld9134,1,1,4.0,5,1,4,3.0,1,3.0,4,,,2,,4.0,1,2.0,4,,2.0,1.0,,,,5,1.0,1,3.0,4,,,4,1.0,1,,5,4
js13471,4,3,2.0,2,1,2,3.0,1,3.0,5,,,5,,3.0,1,3.0,4,,3.0,5.0,,,,4,3.0,2,2.0,4,,,5,2.0,1,,4,3
yx2679,1,2,2.0,1,4,2,4.0,1,1.0,3,,,2,,2.0,3,3.0,2,,3.0,1.0,,,,2,5.0,4,3.0,4,,,5,1.0,4,,4,3
sns9973,3,5,3.0,3,1,5,1.0,3,5.0,4,,,4,,5.0,5,1.0,1,,5.0,3.0,,,,5,3.0,5,1.0,5,,,5,2.0,1,,4,1
mp6813,1,5,3.0,4,5,4,5.0,1,5.0,5,,,3,,1.0,4,3.0,4,,3.0,2.0,,,,4,3.0,3,5.0,5,,,5,1.0,4,,3,3
ab11903,4,4,3.0,3,5,5,5.0,1,5.0,5,,,2,,4.0,4,5.0,4,,4.0,4.0,,,,5,3.0,4,4.0,4,,,3,5.0,3,,5,4
jjg506,3,3,2.0,2,3,4,3.0,1,5.0,3,,,2,,1.0,5,2.0,1,,1.0,1.0,,,,4,4.0,4,2.0,3,,,5,3.0,1,,2,3
ej2485,3,5,5.0,1,5,4,5.0,1,3.0,4,,,2,,1.0,2,3.0,3,,4.0,1.0,,,,1,1.0,5,3.0,1,,,5,5.0,5,,3,5
rak9812,4,5,5.0,1,4,4,4.0,2,5.0,3,,,1,,2.0,4,1.0,5,,3.0,1.0,,,,4,5.0,5,4.0,4,,,5,4.0,4,,1,2
mh7483,1,1,1.0,3,3,5,5.0,3,4.0,5,,,3,,1.0,1,5.0,5,,3.0,3.0,,,,4,1.0,4,3.0,1,,,1,1.0,5,,1,4
odi210,3,4,3.0,2,5,4,3.0,4,5.0,4,,,2,,4.0,5,2.0,4,,3.0,2.0,,,,4,4.0,5,2.0,5,,,5,4.0,1,,5,4
wyt8723,4,5,4.0,2,5,4,3.0,1,4.0,4,,,3,,1.0,1,2.0,3,,4.0,4.0,,,,3,4.0,5,2.0,5,,,5,1.0,4,,3,3
sc11498,3,4,3.0,3,4,3,5.0,1,4.0,3,,,3,,1.0,4,3.0,1,,3.0,2.0,,,,3,4.0,4,3.0,3,,,4,4.0,5,,2,3
bjb9008,5,2,4.0,5,2,4,4.0,2,4.0,3,,,2,,1.0,3,1.0,2,,2.0,1.0,,,,4,5.0,3,1.0,5,,,5,2.0,5,,2,4
jvl9857,4,4,2.0,2,4,4,3.0,4,4.0,3,,,2,,1.0,4,3.0,4,,3.0,4.0,,,,4,1.0,4,3.0,4,,,5,2.0,4,,4,1
cjf418,5,4,3.0,3,4,5,2.0,4,5.0,2,,,5,,1.0,5,4.0,4,,5.0,3.0,,,,5,3.0,2,2.0,4,,,5,1.0,4,,4,3
map10174,4,5,4.0,1,5,5,3.0,4,4.0,4,,,1,,1.0,5,1.0,5,,4.0,5.0,,,,5,3.0,5,1.0,2,,,5,4.0,4,,4,4
lao8343,2,4,3.0,4,4,3,4.0,1,5.0,2,,,2,,2.0,2,2.0,3,,3.0,2.0,,,,2,2.0,5,4.0,2,,,5,2.0,4,,4,3
rj2807,1,4,3.0,3,5,2,4.0,1,1.0,5,,,4,,1.0,4,3.0,4,,3.0,3.0,,,,4,1.0,5,3.0,4,,,4,3.0,5,,3,4
jhw409,1,4,3.0,1,3,4,3.0,2,5.0,5,,,1,,1.0,4,2.0,1,,4.0,3.0,,,,4,5.0,3,3.0,1,,,5,1.0,4,,5,4
as20428,2,5,4.0,4,5,4,4.0,1,5.0,4,,,3,,5.0,5,3.0,5,,3.0,3.0,,,,5,3.0,5,3.0,5,,,5,3.0,5,,4,4
dz1361,3,4,4.0,1,5,4,1.0,1,5.0,4,,,3,,1.0,4,1.0,2,,3.0,1.0,,,,4,4.0,3,4.0,1,,,5,2.0,5,,4,2
n14172451,1,5,1.0,4,4,4,5.0,5,4.0,5,,,4,,5.0,4,5.0,5,,4.0,5.0,,,,4,1.0,2,2.0,5,,,4,4.0,1,,5,5
rz2762,1,3,2.0,3,4,4,3.0,1,3.0,5,,,3,,1.0,3,3.0,5,,3.0,3.0,,,,3,4.0,4,3.0,1,,,2,1.0,4,,5,3
prb9282,1,4,1.0,5,5,5,4.0,3,5.0,5,,,5,,4.0,3,3.0,3,,3.0,3.0,,,,5,3.0,3,5.0,4,,,5,3.0,4,,5,5
sd6080,5,1,3.0,1,4,4,4.0,4,5.0,2,,,2,,5.0,4,4.0,4,,4.0,4.0,,,,2,1.0,1,3.0,5,,,1,4.0,1,,5,4
ss18198,3,5,3.0,3,4,1,4.0,3,4.0,5,,,3,,1.0,3,3.0,2,,3.0,2.0,,,,4,1.0,2,3.0,5,,,3,3.0,4,,3,4
lsl7622,4,2,2.0,2,3,5,1.0,2,3.0,2,,,3,,2.0,1,4.0,2,,3.0,3.0,,,,5,1.0,1,2.0,3,,,5,2.0,4,,4,2
n12444523,4,4,5.0,2,4,5,4.0,3,4.0,4,,,1,,4.0,2,3.0,5,,4.0,2.0,,,,5,1.0,5,4.0,4,,,5,3.0,5,,3,4
nc3610,3,4,4.0,3,4,4,5.0,3,5.0,5,,,3,,5.0,5,3.0,4,,5.0,3.0,,,,4,3.0,1,3.0,4,,,2,2.0,4,,5,2
nfv4867,3,2,1.0,2,2,4,2.0,4,2.0,3,,,5,,4.0,2,4.0,2,,4.0,5.0,,,,4,3.0,3,2.0,4,,,2,4.0,2,,5,4
n16578250,5,2,1.0,1,3,3,5.0,4,4.0,3,,,3,,5.0,3,4.0,4,,4.0,3.0,,,,5,1.0,2,4.0,5,,,4,3.0,1,,5,5
ss17021,3,4,2.0,3,5,1,5.0,1,4.0,5,,,3,,4.0,3,3.0,2,,3.0,3.0,,,,1,1.0,5,1.0,4,,,3,5.0,4,,4,4
np2801,1,3,1.0,3,2,2,4.0,1,3.0,4,,,4,,5.0,3,3.0,4,,3.0,3.0,,,,4,4.0,2,4.0,4,,,2,5.0,3,,2,4
myc9095,2,3,3.0,3,4,5,2.0,3,5.0,4,,,3,,1.0,3,3.0,5,,3.0,3.0,,,,4,3.0,1,3.0,4,,,5,3.0,4,,3,1
cy2879,4,5,3.0,3,4,5,4.0,4,5.0,4,,,4,,3.0,5,3.0,5,,3.0,3.0,,,,4,2.0,4,3.0,3,,,5,4.0,3,,3,4
rrm9598,4,4,4.0,2,4,4,5.0,4,5.0,5,,,3,,4.0,4,3.0,5,,4.0,3.0,,,,3,4.0,4,1.0,4,,,4,1.0,4,,4,3
mg5143,1,5,4.0,4,2,4,4.0,1,3.0,5,,,1,,1.0,4,1.0,5,,3.0,1.0,,,,4,1.0,5,1.0,2,,,5,1.0,5,,3,2
tt2884,1,4,3.0,4,4,4,5.0,3,4.0,4,,,4,,1.0,4,3.0,5,,3.0,5.0,,,,4,1.0,4,3.0,4,,,4,3.0,2,,4,2
hs5641,5,4,3.0,4,3,3,3.0,1,4.0,4,,,4,,4.0,4,4.0,2,,5.0,3.0,,,,4,3.0,4,3.0,3,,,5,1.0,3,,4,3
dg4489,3,2,4.0,3,4,2,4.0,3,4.0,2,,,3,,4.0,3,3.0,4,,3.0,3.0,,,,2,3.0,4,5.0,5,,,1,2.0,4,,4,4
kk5268,3,5,4.0,3,5,5,5.0,4,5.0,5,,,3,,4.0,2,2.0,4,,3.0,3.0,,,,5,3.0,5,5.0,4,,,1,3.0,5,,5,5
jjd8091,5,4,5.0,5,4,4,3.0,1,4.0,3,,,1,,4.0,1,2.0,3,,4.0,4.0,,,,3,1.0,5,1.0,3,,,4,4.0,2,,5,3
dl5650,4,4,3.0,3,4,4,4.0,3,3.0,3,,,2,,3.0,3,3.0,3,,2.0,3.0,,,,4,2.0,4,2.0,3,,,4,1.0,4,,4,2
yz10614,3,3,2.0,3,3,3,4.0,3,3.0,4,,,3,,3.0,3,2.0,3,,3.0,3.0,,,,4,5.0,4,3.0,3,,,4,3.0,5,,5,3
yl10816,4,4,2.0,2,4,4,3.0,1,5.0,4,,,3,,3.0,5,2.0,1,,1.0,2.0,,,,4,4.0,5,2.0,3,,,4,3.0,5,,4,5
ql2452,3,4,2.0,3,5,5,2.0,1,5.0,3,,,4,,2.0,5,5.0,2,,3.0,3.0,,,,5,4.0,3,2.0,3,,,3,3.0,2,,2,3
ps5225,1,5,1.0,3,3,4,3.0,1,5.0,4,,,3,,5.0,4,5.0,5,,3.0,4.0,,,,5,1.0,4,2.0,5,,,4,4.0,1,,5,5
gc3410,4,4,1.0,4,4,3,4.0,3,4.0,4,,,2,,4.0,5,2.0,3,,4.0,4.0,,,,5,1.0,4,3.0,5,,,4,4.0,3,,4,5
fm2790,2,4,3.0,3,5,4,5.0,1,4.0,4,,,3,,4.0,5,2.0,5,,2.0,3.0,,,,1,4.0,4,3.0,4,,,5,3.0,4,,1,4
maa9566,1,2,2.0,1,2,3,5.0,1,5.0,3,,,4,,3.0,2,3.0,3,,3.0,4.0,,,,4,3.0,2,3.0,2,,,2,1.0,3,,5,4
xh2436,3,3,3.0,2,4,5,2.0,3,5.0,3,,,3,,1.0,4,3.0,3,,3.0,3.0,,,,2,2.0,4,3.0,2,,,4,2.0,3,,4,2
jiw7301,1,5,5.0,2,4,5,2.0,1,4.0,5,,,2,,4.0,3,2.0,3,,5.0,3.0,,,,3,2.0,4,2.0,5,,,5,5.0,3,,4,3
sr7729,4,4,3.0,5,4,3,5.0,1,4.0,5,,,4,,4.0,4,4.0,4,,3.0,5.0,,,,5,4.0,5,5.0,5,,,3,4.0,4,,4,4
jy3784,5,3,2.0,2,4,3,4.0,3,4.0,3,,,2,,2.0,2,3.0,3,,4.0,3.0,,,,4,2.0,4,4.0,4,,,4,2.0,3,,4,4
ar8300,4,3,2.0,3,5,2,4.0,3,5.0,5,,,3,,4.0,3,4.0,5,,4.0,4.0,,,,4,2.0,4,2.0,4,,,2,3.0,4,,4,4
ajk8847,3,4,2.0,3,5,4,5.0,3,4.0,2,,,2,,3.0,4,2.0,3,,5.0,2.0,,,,3,2.0,4,1.0,3,,,4,2.0,2,,1,3
sy3655,1,1,,1,1,2,2.0,1,,2,5.0,,2,3.0,5.0,1,1.0,1,1.0,,1.0,,3.0,,1,1.0,5,2.0,3,3.0,1.0,3,1.0,3,1.0,1,1
jl13844,4,4,,4,4,3,4.0,3,,2,3.0,,3,3.0,3.0,3,3.0,4,4.0,,3.0,,3.0,,4,3.0,3,3.0,2,5.0,4.0,5,3.0,3,2.0,4,4
vnn5704,3,2,,3,4,2,2.0,3,,5,2.0,,4,5.0,2.0,2,3.0,4,3.0,,2.0,,5.0,,2,2.0,5,2.0,1,4.0,4.0,4,1.0,3,3.0,4,5
jz6553,3,5,,2,4,5,4.0,1,,5,4.0,,2,2.0,4.0,2,3.0,3,2.0,,3.0,,3.0,,3,2.0,4,4.0,5,5.0,3.0,4,1.0,2,3.0,5,3
sc9682,4,1,,2,2,5,4.0,3,,3,2.0,,4,5.0,1.0,2,2.0,3,1.0,,3.0,,5.0,,4,1.0,2,5.0,4,5.0,5.0,5,5.0,1,2.0,2,2
km6238,3,4,,3,4,4,2.0,3,,5,3.0,,3,5.0,5.0,5,1.0,4,3.0,,4.0,,3.0,,5,1.0,4,1.0,5,5.0,5.0,4,4.0,3,3.0,5,5
jgs9241,2,5,,1,4,4,1.0,1,,4,1.0,,1,3.0,1.0,3,3.0,2,4.0,,1.0,,3.0,,4,1.0,5,1.0,5,1.0,1.0,5,1.0,2,2.0,1,1
sb9378,3,3,,2,3,3,3.0,1,,5,2.0,,3,4.0,4.0,3,3.0,3,3.0,,3.0,,5.0,,4,3.0,3,2.0,3,4.0,4.0,4,2.0,3,3.0,5,1
jl15976,2,4,,5,4,4,3.0,1,,2,2.0,,3,4.0,2.0,5,1.0,4,5.0,,4.0,,2.0,,2,5.0,2,1.0,4,4.0,5.0,5,1.0,1,2.0,5,4
ajg9834,3,4,,3,3,4,3.0,3,,4,2.0,,3,4.0,4.0,3,1.0,3,3.0,,3.0,,3.0,,2,2.0,4,4.0,1,4.0,4.0,4,4.0,2,3.0,4,2
kz2818,2,4,,3,4,3,3.0,2,,3,3.0,,3,3.0,2.0,4,3.0,3,4.0,,3.0,,3.0,,3,4.0,4,3.0,4,2.0,4.0,3,3.0,3,3.0,3,3
jr6577,3,4,,1,4,3,1.0,3,,4,2.0,,4,2.0,3.0,4,3.0,2,3.0,,1.0,,3.0,,4,2.0,4,3.0,1,1.0,2.0,5,2.0,2,5.0,1,2
jwn7470,2,2,,3,4,5,3.0,1,,3,3.0,,5,5.0,2.0,4,3.0,2,4.0,,3.0,,3.0,,3,3.0,4,3.0,4,5.0,4.0,4,1.0,3,1.0,5,3
cav9233,2,4,,1,3,2,1.0,1,,2,1.0,,1,4.0,1.0,1,1.0,1,4.0,,1.0,,4.0,,3,1.0,3,4.0,1,4.0,4.0,3,2.0,2,1.0,3,2
sl9820,2,3,,2,3,3,3.0,2,,3,2.0,,2,5.0,3.0,4,3.0,3,4.0,,2.0,,5.0,,4,5.0,2,4.0,5,5.0,5.0,5,3.0,3,4.0,4,5
kkp10004,5,4,,5,4,2,4.0,1,,3,4.0,,4,3.0,2.0,4,3.0,3,3.0,,3.0,,4.0,,1,3.0,5,2.0,2,4.0,1.0,5,1.0,2,2.0,2,4
aam10003,3,4,,3,3,4,2.0,3,,3,4.0,,2,3.0,4.0,4,1.0,4,3.0,,3.0,,4.0,,1,3.0,5,4.0,5,5.0,4.0,5,4.0,4,4.0,4,2
ta2812,4,5,,3,3,4,2.0,5,,2,1.0,,1,3.0,2.0,5,1.0,3,2.0,,3.0,,2.0,,3,1.0,3,1.0,4,5.0,2.0,5,3.0,1,2.0,5,2
bfb5112,3,3,,2,4,4,4.0,3,,3,5.0,,5,5.0,2.0,3,1.0,5,1.0,,3.0,,3.0,,3,1.0,3,2.0,5,4.0,4.0,3,2.0,2,1.0,4,3
ksm6057,3,3,,3,1,2,3.0,2,,2,1.0,,4,5.0,4.0,2,3.0,4,2.0,,4.0,,4.0,,5,5.0,3,2.0,5,5.0,4.0,4,3.0,2,1.0,3,4
nvk9950,3,4,,2,4,4,3.0,3,,3,2.0,,2,3.0,4.0,4,3.0,2,3.0,,1.0,,4.0,,1,1.0,4,2.0,4,4.0,4.0,5,2.0,3,2.0,2,4
eyc6934,3,3,,2,2,4,3.0,3,,4,2.0,,2,4.0,1.0,4,2.0,4,2.0,,3.0,,3.0,,4,4.0,3,2.0,4,4.0,4.0,4,3.0,3,3.0,4,4
al7685,3,4,,1,1,4,2.0,1,,4,3.0,,2,3.0,1.0,2,3.0,4,1.0,,3.0,,2.0,,3,4.0,3,3.0,1,5.0,4.0,4,4.0,3,1.0,3,4
azw7237,3,3,,3,2,4,3.0,3,,4,3.0,,3,5.0,2.0,3,3.0,5,3.0,,4.0,,4.0,,3,3.0,4,2.0,3,3.0,4.0,5,2.0,2,2.0,4,4
cr3488,3,4,,1,3,4,1.0,3,,4,1.0,,1,4.0,5.0,3,1.0,4,4.0,,3.0,,5.0,,4,1.0,4,4.0,5,4.0,4.0,4,5.0,1,3.0,4,4
mit2470,3,3,,3,5,3,4.0,1,,3,2.0,,3,5.0,1.0,3,3.0,4,2.0,,3.0,,3.0,,4,1.0,4,4.0,5,4.0,5.0,5,3.0,1,2.0,5,4
yc5756,2,4,,2,4,3,3.0,1,,3,3.0,,3,3.0,1.0,3,3.0,4,2.0,,3.0,,3.0,,2,5.0,3,3.0,2,1.0,3.0,3,2.0,3,4.0,2,2
tab9225,3,4,,5,3,3,4.0,3,,4,3.0,,5,5.0,5.0,4,3.0,3,2.0,,3.0,,2.0,,4,4.0,4,2.0,5,4.0,4.0,5,1.0,2,2.0,4,4
my2474,2,5,,4,4,4,3.0,1,,4,4.0,,4,5.0,2.0,5,3.0,4,3.0,,3.0,,5.0,,3,4.0,5,3.0,3,4.0,4.0,5,2.0,2,3.0,3,4
cc9565,3,1,,3,3,3,4.0,3,,5,3.0,,4,5.0,5.0,3,3.0,4,3.0,,3.0,,4.0,,3,5.0,4,5.0,5,4.0,5.0,5,3.0,5,1.0,3,4
yc7458,3,5,,2,4,4,2.0,1,,4,2.0,,3,4.0,5.0,4,2.0,4,4.0,,2.0,,3.0,,4,2.0,5,1.0,3,3.0,3.0,5,3.0,3,3.0,4,2
fk2248,1,4,,1,3,3,4.0,1,,3,2.0,,2,2.0,1.0,4,1.0,2,2.0,,2.0,,2.0,,2,2.0,3,1.0,3,3.0,1.0,5,2.0,4,2.0,2,2
nmn2048,3,4,,3,5,4,5.0,1,,5,5.0,,5,5.0,1.0,5,3.0,5,3.0,,4.0,,5.0,,4,5.0,4,2.0,1,5.0,4.0,4,2.0,3,3.0,2,4
jl15520,5,5,,3,4,5,4.0,1,,5,4.0,,4,5.0,2.0,4,3.0,5,4.0,,3.0,,5.0,,5,4.0,5,3.0,5,5.0,4.0,5,4.0,3,4.0,4,5
ys6125,1,2,,1,1,3,2.0,1,,4,1.0,,2,5.0,4.0,4,3.0,4,5.0,,1.0,,5.0,,2,5.0,5,2.0,5,4.0,2.0,5,1.0,4,4.0,4,4
zy2859,4,4,,3,4,2,4.0,1,,4,3.0,,4,4.0,1.0,3,3.0,3,4.0,,2.0,,4.0,,3,3.0,3,4.0,5,4.0,3.0,4,2.0,4,4.0,4,2
zx1793,2,4,,3,3,3,4.0,1,,3,3.0,,3,3.0,2.0,3,3.0,3,3.0,,3.0,,4.0,,4,3.0,3,3.0,2,5.0,4.0,5,3.0,3,3.0,4,4
xl4854,4,2,,1,3,1,2.0,1,,3,2.0,,1,3.0,4.0,2,2.0,2,3.0,,1.0,,4.0,,3,3.0,2,1.0,3,4.0,3.0,4,2.0,3,1.0,5,4
aa9909,4,2,,2,4,4,3.0,4,,3,2.0,,2,4.0,3.0,4,2.0,4,2.0,,5.0,,3.0,,4,5.0,2,2.0,5,4.0,4.0,5,2.0,3,2.0,5,5
zt2382,5,5,,3,3,5,5.0,5,,4,4.0,,3,5.0,5.0,5,3.0,5,3.0,,3.0,,3.0,,3,5.0,1,5.0,5,1.0,3.0,5,3.0,3,1.0,3,1
vc2722,1,3,,3,3,4,4.0,1,,4,3.0,,4,5.0,2.0,5,3.0,2,2.0,,3.0,,2.0,,5,5.0,4,1.0,3,5.0,4.0,4,1.0,2,3.0,5,4
